organization,skills,occupations,id,title,description,experience_level,type,location,location_code,nuts1,nuts2,nuts3,upload_date,source,source_id
,"['http://data.europa.eu/esco/skill/001115fb-569f-4ee6-8381-c6807ef2527f', 'http://data.europa.eu/esco/skill/199f7919-5114-41b6-b6a5-41e0e4896ec1', 'http://data.europa.eu/esco/skill/1a6c7e0d-fc13-41d7-a5c0-8ca00606de89', 'http://data.europa.eu/esco/skill/49de9958-2aa4-4eef-a89d-fe5d5bcd28c4', 'http://data.europa.eu/esco/skill/68698869-c13c-4563-adc7-118b7644f45d', 'http://data.europa.eu/esco/skill/6d3edede-8951-4621-a835-e04323300fa0', 'http://data.europa.eu/esco/skill/b19e0820-a96f-4c0a-a724-3c056180c1b3', 'http://data.europa.eu/esco/skill/f642d7ed-e8d7-4355-a747-b85094d4e2e3']","['http://data.europa.eu/esco/occupation/4c6b3657-316e-43b5-872a-ea763411190d', 'http://data.europa.eu/esco/occupation/6cd08cbe-7611-4d70-8886-6c59c0385442', 'http://data.europa.eu/esco/occupation/cbde1a3a-406d-4d17-b30b-03981925035d', 'http://data.europa.eu/esco/isco/C243', 'http://data.europa.eu/esco/isco/C44']",4,PPC Energy Consultant new Franchise store in N. Eritrea,"Nea Erythraia branch
The world of energy is constantly growing and evolving. PPC is looking for its franchise store in N. Eritrea, people with appetite and positive energy, who wish to take their career forward. With team spirit, trust and empathy, we take care of creating a workplace with equal opportunities and respect for everyone. Although you are interested in your personal and professional development in a modern environment with a pleasant climate and favorable benefits, we invite you to apply for the position of Sales Consultant in an energy store in the Nea Erythraia area
Role Responsibilities:

Reception and investigation of customer needs.
Promotion of energy products and services that are part of the company's commercial activity
Providing advice on energy solutions
Management of requests, in the context of excellent customer service
Maintaining the correct image of the store area

Candidate Requirements:

High school diploma or higher
Knowledge of the English language
Familiarity with Microsoft Office programs (excel, word, powerpoint) and

Employee Skills:

Communication skills
Customer-centric concept
Passion and self-motivation
Team spirit of cooperation
Initiative and problem solving
Adaptability
Responsibility and result orientation

Employer Benefits:

Competitive remuneration package
Continuous education
Flexible working hours
Pleasant working environment.
Bonus performance based on target setting plan

Find your position in the most dynamically developing energy sector and send your CV.  
Your future is here!",Entry / Junior,Full-time / Part-time,"Nea Erythraia, Greece",EL,,,,2024-09-09,kariera.gr,168912
,"['http://data.europa.eu/esco/skill/0da516ee-e70e-4384-be13-f5ff80be8127', 'http://data.europa.eu/esco/skill/1835a7c1-600e-4b16-a0af-fb4f7d8d77b9', 'http://data.europa.eu/esco/skill/457c2e47-07e6-4073-827e-e1c21f3e5869', 'http://data.europa.eu/esco/skill/68698869-c13c-4563-adc7-118b7644f45d', 'http://data.europa.eu/esco/skill/6d97bf55-6fb6-4795-8282-3ef915ae0bb8', 'http://data.europa.eu/esco/skill/7954861c-86d4-4529-afbb-2c23dab9ac74', 'http://data.europa.eu/esco/skill/a8d24a95-47b3-4f88-92e7-06600bcd3612']","['http://data.europa.eu/esco/occupation/068370e0-9c27-4814-87d0-44fbb3140815', 'http://data.europa.eu/esco/isco/C2']",18,VODAFONE Family Advisor,"At Vodafone we encourage the personal and professional development of our people, offering an environment that combines innovation with a human approach. We respect diversity and believe in the power of new ideas, constantly investing in education and skills development. We are a great team that seeks to make a difference for our customers and our community. We are looking for a Family Advisor to join our team, helping to expand our residential clientele and offering the best possible service to our clients.
 
Position description

Daily communication with new and existing customers in their area
Scheduling meeting with potential new and existing clients
Evaluation and recording of the current services of the prospective clientele
Investigating customer needs and quoting the most ideal solutions based on each customer's profile
Guidance and training of prospective clients in new technologies

Necessary qualifications:

High school graduate (preferred IEK, TEI, HEI)
Excellent communication and negotiation skills
Team spirit
Flexibility, organization and proper time management
Experience in sales will be an added advantage

Amenities:

Competitive remuneration package
Monthly goal achievement bonus
Continuous training and support on new products and technologies
Training and development of personal skills
Digital tools (professional tablet & mobile)
Privileges-discounts on the organization's services
Possibility of professional development within the organization
Recruitment will be through a partner.",Entry / Junior,Full-time,"Athens, Greece",EL,,,,2024-09-09,kariera.gr,168891
,"['http://data.europa.eu/esco/skill/677d5144-4c77-4f8d-afc7-116f4bc0e660', 'http://data.europa.eu/esco/skill/7bb5d9af-0a7e-48a7-a860-0e1ded0f6e75', 'http://data.europa.eu/esco/skill/a472a200-d895-40ca-95e7-5c5495e3dd7c', 'http://data.europa.eu/esco/skill/b19e0820-a96f-4c0a-a724-3c056180c1b3', 'http://data.europa.eu/esco/skill/dcace5e5-9b8d-4fac-9017-6dcd7ff8cd0e']","['http://data.europa.eu/esco/occupation/13d1b2b4-99dd-44da-9734-c9f74bae18f7', 'http://data.europa.eu/esco/occupation/a3ef0728-7540-4676-ad18-cf0a7913b3ce', 'http://data.europa.eu/esco/occupation/ceda53cd-3f1f-425b-bd1b-c4fa17254680']",22,Customer Contact Agent,"O/H holder of this position will have the responsibility to communicate daily with customers with the aim of processing the required customs procedures (charges, necessary customs documents, etc.) as well as promoting the offered services of the company. He will also communicate by e-mail or telephone with our offices abroad regarding problems or questions arising with the Imports of the customers.
 
Required Qualifications:

Very good knowledge of the English language
Very good computer skills (Word, Excel & Outlook)
At least 2 years of experience in a customer service department 

Desired Qualifications:

University/Technical Degree

Essential characteristics required for the position:

Freedom of speech in communication (telephone and written)
Team spirit of cooperation
Organizational skills
Orientation towards achieving goals
Customer-centric approach
Experience in customer service

 
Allowances

Competitive salary
Private Health Insurance
Pension Plan
Continuous education
Feeding arrangements in addition to salary

 
Are you ready to discover the world of courier services with DHL Express?  If yes, then we look forward to receiving your application! 📑
Become a member of the company with the best working environment in Greece – Great Place to Work® for 8 consecutive years, since 2016!",Entry / Junior,Full-time,"Paiania, Greece",EL,,,,2024-09-09,kariera.gr,168892
,"['http://data.europa.eu/esco/skill/082967d4-b94c-4305-aa13-35a6aa8c5c7c', 'http://data.europa.eu/esco/skill/1973c966-f236-40c9-b2d4-5d71a89019be', 'http://data.europa.eu/esco/skill/234aeb8d-56c3-4531-9193-1c5e6a8d16cb', 'http://data.europa.eu/esco/skill/6c80d53c-d8c9-41fe-998f-091fca208834', 'http://data.europa.eu/esco/skill/a15dab55-f1da-4f85-ae3e-2b5c5b5333ca', 'http://data.europa.eu/esco/skill/ea4ebfa1-e17a-4416-ac54-955f33e6ade7', 'http://data.europa.eu/esco/skill/f683ae1d-cb7c-4aa1-b9fe-205e1bd23535']",['http://data.europa.eu/esco/isco/C251'],25,Office Coordinator – Code Position R2024,"You will deal with:

Management of electronic learning platform (LMS) and its users
Organization, preparation and coordination of educational programs
Data entry in the company's CRM & reporting
Technical support of virtual trainings 

Necessary qualifications

Degree of HEI-TEI
1-3  years of experience in secretarial support
Excellent computer skills (MS Office) and especially the use of spreadsheets (Excel) and professional presentations (Power point)
Familiarity with online collaboration platforms (MS Teams, Webex) is desirable
Excellent knowledge and use of the Greek and English languages ​​(written and spoken)
Knowledge of CRM management (Salesforce) desired

We expect you to show through your work:

Customer-centric behavior aimed at providing quality services
Ability to meet schedules with quality and reliable output
Focus and initiative in managing problems or changes in a timely manner
Mood for cooperation and teamwork

We offer you:

competitive salary, depending on your experience and qualifications
productivity bonus
medical care etc.

You can send your CV to jobs@response.gr by writing in the Subject: R2024
Our team looks forward to meeting you!",Entry / Junior,Full-time,"Marousi, Greece",EL,,,,2024-09-09,kariera.gr,168887
,"['http://data.europa.eu/esco/skill/15d76317-c71a-4fa2-aadc-2ecc34e627b7', 'http://data.europa.eu/esco/skill/5f2efbdf-08a2-49cd-9c06-bd284e4f0fbf', 'http://data.europa.eu/esco/skill/6bf6b5bd-6658-4338-b0ee-dc143e68e6d3', 'http://data.europa.eu/esco/skill/d669af41-756c-48d9-a286-1443253f54b1', 'http://data.europa.eu/esco/skill/f0393af3-bcd9-41af-a36e-0cfb83b60081']",['http://data.europa.eu/esco/occupation/026401a9-7d56-4d7b-8052-38985ddbeafa'],26,ACCOUNTING OFFICER/ASSISTANT ACCOUNTANT,"ARKADIKI MELISSOCOMIA ABEE, one of the largest companies in the field of beekeeping, is interested in hiring a full-time Accounting Clerk/Assistant Accountant/Accountant with the following qualifications:
Responsibilities:

Control, categorization and registration of Purchases, Imports, Fixed Assets, Expenses and other documents in a commercial program (GALAXY SINGULARLOGIC)
Agreement of customer - supplier records
Check My Data - Provider epsilon net 
Participation in the issuance - submission of VAT-VIES-INTRASTAT declarations
Updating of diploma books
Support monthly closing and financial results tasks

Necessary qualifications:

Graduated from AEI TEI in Financial Accounting
At least 5 years of experience in an organized accounting office
Excellent knowledge of ELP and tax legislation
Experience in computerized record keeping
Excellent use of PC (Ms Office) and erp systems 
Excellent knowledge of the English language
Good organizational skills
Professional behavior
Ease of communication
Experience in GALAXY software will be considered

What we offer:
• Pleasant working environment • Development and growth prospects • Possibility of continuous training • Competitive remuneration package depending on qualifications
 
Please send the resumes to the email hr@arkmel.gr with the reference ΙΛ924
All resumes will be strictly confidential. Only eligible nominations will be responded to.",Mid-level,Full-time,"Mandra, Greece",EL,,,,2024-09-09,kariera.gr,168884
,"['http://data.europa.eu/esco/skill/2b1ce548-4e16-45fb-bfb2-f3141c8efe8d', 'http://data.europa.eu/esco/skill/3a585818-03f1-434c-b41b-9d3c4ceedfaa']","['http://data.europa.eu/esco/occupation/6cd08cbe-7611-4d70-8886-6c59c0385442', 'http://data.europa.eu/esco/occupation/dd25a2b0-add0-4ae2-bd85-bb644e0d0c39']",28,Contact Center Specialist | Part Time (Afternoon Hours - Fixed Term Contract),"#eimaste_mesa to the best to design your own professional experience together!
 #eisai_mesa to work in a team where you will constantly develop your knowledge? Are you looking for a company where you can take initiative, take risks and have autonomy?
 LEROY MERLIN is a member of the French Adeo Group (900 stores and 150,000 Leaders partners in 13 countries worldwide), which holds the 1st position in Europe and the 3rd worldwide in the DIY ""Do it yourself"" market.
Our Mission is to build a better and sustainable life at ""home"" for everyone!
 We are currently looking for:
 
 
""Contact Center specialist - 4-hour work (afternoon)""
 Your routine:

You ensure the reliable and efficient management of the call center (incoming calls) by applying the procedures and IT systems with the aim of customer satisfaction.
You contribute to customer service with the quality of telephone reception, orientate the customer, provide information-advice, guidance.
You recommend the products/services or solutions that best meet the customer's needs and carry out a comprehensive telephone sale.
You collaborate on a daily basis with all departments/stores/headquarters ensuring the smooth processing of all tasks (orders, deliveries).
You ensure the resolution of customer requests/comments/complaints that arise multi-channel with the same approach (omni-channel).

 
It will be the perfect combination if you have:

AEI/TEI degree.
Previous experience in a Telephone Service department or retail store.
Good command of English
Good computer knowledge, Microsoft office (excel, word, P.Point)
Good computer knowledge and contact with new technologies
Team spirit and comfort in professional relationships
Flexibility and ability to manage problems
Communication skills and customer orientation
Ability to plan and organize.

 
We offer:

Excellent & safe work environment
Ongoing opportunities for training
Attractive salary package
Additional medical care
Corporate discounts

 #eisai_mesa for an exciting new career?
Take the next step and join our team!",No experience / No degree,Part-time,"Marousi, Greece",EL,,,,2024-09-09,kariera.gr,168885
,"['http://data.europa.eu/esco/skill/2b1ce548-4e16-45fb-bfb2-f3141c8efe8d', 'http://data.europa.eu/esco/skill/3a585818-03f1-434c-b41b-9d3c4ceedfaa']","['http://data.europa.eu/esco/occupation/6cd08cbe-7611-4d70-8886-6c59c0385442', 'http://data.europa.eu/esco/occupation/dd25a2b0-add0-4ae2-bd85-bb644e0d0c39']",30,Contact Center specialist – 6 hour employment,"#eimaste_mesa to the best to design your own professional experience together!
 #eisai_mesa to work in a team where you will constantly develop your knowledge? Are you looking for a company where you can take initiative, take risks and have autonomy?
 LEROY MERLIN is a member of the French Adeo Group (900 stores and 150,000 Leaders partners in 13 countries worldwide), which holds the 1st position in Europe and the 3rd worldwide in the DIY ""Do it yourself"" market.
Our Mission is to build a better and sustainable life at ""home"" for everyone!
 We are currently looking for:
 
 
""Contact Center specialist - 6-hour employment""
 Your routine:

You ensure the reliable and efficient management of the call center (incoming calls) by applying the procedures and IT systems with the aim of customer satisfaction.
You contribute to customer service with the quality of telephone reception, orientate the customer, provide information-advice, guidance.
You recommend the products/services or solutions that best meet the customer's needs and carry out a comprehensive telephone sale.
You collaborate on a daily basis with all departments/stores/headquarters ensuring the smooth processing of all tasks (orders, deliveries).
You ensure the resolution of customer requests/comments/complaints that arise multi-channel with the same approach (omni-channel).

 
It will be the perfect combination if you have:

AEI/TEI degree.
Previous experience in a Telephone Service department or retail store.
Good command of English
Good computer knowledge, Microsoft office (excel, word, P.Point)
Good computer knowledge and contact with new technologies
Team spirit and comfort in professional relationships
Flexibility and ability to manage problems
Communication skills and customer orientation
Ability to plan and organize.

 
We offer:

Excellent & safe work environment
Ongoing opportunities for training
Attractive salary package
Additional medical care
Corporate discounts

 #eisai_mesa for an exciting new career?
Take the next step and join our team!",No experience / No degree,Part-time,"Marousi, Greece",EL,,,,2024-09-09,kariera.gr,168883
,"['http://data.europa.eu/esco/skill/001115fb-569f-4ee6-8381-c6807ef2527f', 'http://data.europa.eu/esco/skill/0b144726-21c2-46ed-8d13-c03d27f61604', 'http://data.europa.eu/esco/skill/199f7919-5114-41b6-b6a5-41e0e4896ec1', 'http://data.europa.eu/esco/skill/35f1dcdc-577f-46c6-96d9-6c7a64501de9', 'http://data.europa.eu/esco/skill/49de9958-2aa4-4eef-a89d-fe5d5bcd28c4', 'http://data.europa.eu/esco/skill/677d5144-4c77-4f8d-afc7-116f4bc0e660', 'http://data.europa.eu/esco/skill/6f9ac146-8bbd-4b9d-9514-d85586caf17a', 'http://data.europa.eu/esco/skill/c09c5786-a479-46de-b0aa-d5d2d8ccc123', 'http://data.europa.eu/esco/skill/ed1fbdc3-1071-423c-9bb4-e3288ca6d1fe', 'http://data.europa.eu/esco/skill/fe1ec582-d63b-466c-9149-e7fc4fe93e22']","['http://data.europa.eu/esco/occupation/13d1b2b4-99dd-44da-9734-c9f74bae18f7', 'http://data.europa.eu/esco/occupation/6cd08cbe-7611-4d70-8886-6c59c0385442', 'http://data.europa.eu/esco/occupation/725090a7-9943-4dae-8079-a6999d21ddba', 'http://data.europa.eu/esco/isco/C251']",36,Customer Service and Sales Support Manager - CSR,"Polysystems I.K.E. is an import and distribution company of chemical raw materials and adhesive materials. With stable collaborations with large foreign houses, for more than 30 years it has available on the Greek market, polyurethane systems, equipment and auxiliary materials, which address a wide range of Greek industry.
 
Role Description

Manage customer and supplier orders.


Import circuit monitoring.
Communication with internal and external suppliers.
Daily communication with the individual departments of the Company for the smooth. processing the tasks.
Seller support.

 
Candidate profile

Experience of at least three years in a similar position.
Higher education degree preferred.


Very good computer skills (Windows, Outlook, Word, Excel, PowerPoint, Internet)
Excellent knowledge of the English language at a written and oral level.
 Diligence, developed cooperation and communication skills.
Responsibility, quality service philosophy and initiative.
Organizational skills, methodical and ability to handle many tasks simultaneously
Ability to work under pressure, adaptability and flexibility
Completed military service (for male applicants)
Experience in using an ERP system will be an added advantage
car owner will be considered an additional qualification

Amenities:

Five days full time
Fixed monthly income
Development prospects",Mid-level,Full-time,"Metamorfosi, Greece",EL,,,,2024-09-09,kariera.gr,168863
,"['http://data.europa.eu/esco/skill/001115fb-569f-4ee6-8381-c6807ef2527f', 'http://data.europa.eu/esco/skill/42cb7669-c371-4903-9c0b-13db67b2e4bb', 'http://data.europa.eu/esco/skill/60b44dab-03f1-46de-be08-0e5ba8662b3d', 'http://data.europa.eu/esco/skill/78d90f00-5226-44fc-95c2-0d8dac6b081b', 'http://data.europa.eu/esco/skill/adc6dc11-3376-467b-96c5-9b0a21edc869', 'http://data.europa.eu/esco/skill/cf310cff-0d28-4dbc-9dbb-cc500a3196c2', 'http://data.europa.eu/esco/skill/df5e3d02-9f0f-44ee-91c2-85c62f161868', 'http://data.europa.eu/esco/skill/f5122357-c3f7-4f3e-b0cc-25173199d554']","['http://data.europa.eu/esco/occupation/01649ae9-22ee-4dba-83a8-3a2c51fbbe95', 'http://data.europa.eu/esco/occupation/13d1b2b4-99dd-44da-9734-c9f74bae18f7', 'http://data.europa.eu/esco/occupation/6cd08cbe-7611-4d70-8886-6c59c0385442', 'http://data.europa.eu/esco/occupation/f4b4fb1d-0224-4e6b-b7c9-84bcf133be00']",37,Sales Consultant in a franchise store GERMANOS - Attica,"Are you interested in joining a dynamic team and working to provide a high level of customer service and promote technology products/services?
 
Do you have the following qualifications?

Good knowledge of PC and MS Office
Good command of the English language
Developed communication skills
Customer service orientation
Focus on achieving results based on goals
Team spirit
Ability to take initiative and solve problems
Completed military service (male applicants)
Possibility to work based on working days and hours in commercial stores
You are a high school graduate

 
Desired qualifications:
Knowledge of technology and telecommunications products
At least 1 year of experience in a similar position
Post-secondary or higher education degree
 
We offer: 

Bonus based on achievement of goals
Discount programs for telecommunications products 
Modern and pleasant working environment
Continuous training in sales and new technologies
Development prospects 

 
Start your career in the ""heart of technology""!",Mid-level,Full-time,"Athens, Greece",EL,,,,2024-09-09,kariera.gr,168870
,"['http://data.europa.eu/esco/skill/15d76317-c71a-4fa2-aadc-2ecc34e627b7', 'http://data.europa.eu/esco/skill/f683ae1d-cb7c-4aa1-b9fe-205e1bd23535']","['http://data.europa.eu/esco/occupation/0b15375e-dfdd-4047-9efb-096e0aaee7d2', 'http://data.europa.eu/esco/occupation/6cd08cbe-7611-4d70-8886-6c59c0385442', 'http://data.europa.eu/esco/isco/C11']",38,E-Shop Assistant - PAIANIA,"The company Allforbabies.gr is looking for an e-shop/customer care employee at their offices in Peania. The duration of the contract is indefinite.
Main Duties:

Daily management of internet orders
Monitoring and coordination of orders in collaboration with the logistic center.
Customer service (phone, email, social media)
Data entry – new products (technical characteristics, photos)
Continuous updating of the site with current products and offers.

Qualifications:

College or university degree
Knowledge of MS Office
Communication and organizational skills, team spirit
Good use of English language

Will be appreciated:

Experience in e-commerce
Knowledge of Softone program",Mid-level,Full-time,"Paiania, Greece",EL,,,,2024-09-09,kariera.gr,168784
,"['http://data.europa.eu/esco/skill/001115fb-569f-4ee6-8381-c6807ef2527f', 'http://data.europa.eu/esco/skill/42cb7669-c371-4903-9c0b-13db67b2e4bb', 'http://data.europa.eu/esco/skill/60b44dab-03f1-46de-be08-0e5ba8662b3d', 'http://data.europa.eu/esco/skill/78d90f00-5226-44fc-95c2-0d8dac6b081b', 'http://data.europa.eu/esco/skill/adc6dc11-3376-467b-96c5-9b0a21edc869', 'http://data.europa.eu/esco/skill/cf310cff-0d28-4dbc-9dbb-cc500a3196c2', 'http://data.europa.eu/esco/skill/df5e3d02-9f0f-44ee-91c2-85c62f161868', 'http://data.europa.eu/esco/skill/f5122357-c3f7-4f3e-b0cc-25173199d554']","['http://data.europa.eu/esco/occupation/01649ae9-22ee-4dba-83a8-3a2c51fbbe95', 'http://data.europa.eu/esco/occupation/13d1b2b4-99dd-44da-9734-c9f74bae18f7', 'http://data.europa.eu/esco/occupation/6cd08cbe-7611-4d70-8886-6c59c0385442', 'http://data.europa.eu/esco/occupation/f4b4fb1d-0224-4e6b-b7c9-84bcf133be00']",40,Sales Consultant at a GERMANOS franchise store - Thessaloniki,"Are you interested in joining a dynamic team and working to provide a high level of customer service and promote technology products/services?
 
Do you have the following qualifications?

Good knowledge of PC and MS Office
Good command of the English language
Developed communication skills
Customer service orientation
Focus on achieving results based on goals
Team spirit
Ability to take initiative and solve problems
Completed military service (male applicants)
Possibility to work based on working days and hours in commercial stores
You are a high school graduate

 
Desired qualifications:
Knowledge of technology and telecommunications products
At least 1 year of experience in a similar position
Post-secondary or higher education degree
 
We offer: 

Bonus based on achievement of goals
Discount programs for telecommunications products 
Modern and pleasant working environment
Continuous training in sales and new technologies
Development prospects 

 
Start your career in the ""heart of technology""!",Mid-level,Full-time,"Thessaloniki, Greece",EL,,,,2024-09-09,kariera.gr,168862
,"['http://data.europa.eu/esco/skill/0b144726-21c2-46ed-8d13-c03d27f61604', 'http://data.europa.eu/esco/skill/eade4171-3d57-4fb2-9518-44d5a1da4ff5']","['http://data.europa.eu/esco/occupation/13d1b2b4-99dd-44da-9734-c9f74bae18f7', 'http://data.europa.eu/esco/isco/C334']",42,Salesmen / Saleswomen,"Drele.com, one of the largest e-shops in the sale of mobile-tablets, is looking for full-time candidates for customer service. The position concerns an open-ended contract.
Position Responsibilities:

Customer service via phone, email and in-store
Entering telephone orders - informing customers

What we're looking for: 

Excellent communication skills & verbal fluency.
Customer-centric concept
Courtesy - Consistency - Organization - Team spirit of cooperation
Multitasking skills
Good computer knowledge
Good command of English
Be informed about the latest developments in technology products

The following will be counted positively: 

Previous experience in a similar position

The company offers excellent working conditions, continuous training, a meritorious environment and the possibility of development.",Entry / Junior,Full-time,"Glyfada, Greece",EL,,,,2024-09-09,kariera.gr,168867
,"['http://data.europa.eu/esco/skill/0bfb44c7-c412-49ed-aab4-e33d0dd3b265', 'http://data.europa.eu/esco/skill/2239694b-771a-4586-8b54-2794e361a9ae', 'http://data.europa.eu/esco/skill/450de541-797a-4da0-9fe4-a81471c8047d', 'http://data.europa.eu/esco/skill/6f8baa62-bc2b-4cc1-942b-f540c837cfa2', 'http://data.europa.eu/esco/skill/7935deb6-0bed-4e38-985e-1f83b8e16940', 'http://data.europa.eu/esco/skill/be20d05c-f6b4-4580-9fcf-f00f4baab562', 'http://data.europa.eu/esco/skill/c09bf6d4-f8a7-40f3-aead-ef01643f2352', 'http://data.europa.eu/esco/skill/de7b8c6c-9ed4-4776-924c-4265dd1d9cde', 'http://data.europa.eu/esco/skill/df5e3d02-9f0f-44ee-91c2-85c62f161868']","['http://data.europa.eu/esco/occupation/6a29d804-f775-446c-bec7-35fc4e28ac97', 'http://data.europa.eu/esco/occupation/6fcf4638-e7c7-4978-9302-9a7b63a3d57c', 'http://data.europa.eu/esco/occupation/a7594892-ff23-4e2a-aedf-2f967ebca15c', 'http://data.europa.eu/esco/occupation/c956be07-53a3-4b01-b8f8-f0c5a428eaa8', 'http://data.europa.eu/esco/isco/C2424', 'http://data.europa.eu/esco/isco/C522']",43,Junior Field Sales Representative,"Mellon Technologies, the parent company of Mellon Group of Companies, was founded in 1994 in Athens. Our offering consists of specialized technology solutions, contact centre and business process outsourcing services.
Mellon Technologies is seeking motivated and energetic Junior Field Sales Representatives to join our team.The primary responsibility of this role is to visit door-to-door retail merchants to promote payment acceptance solutions and services related to EFTPOS (Electronic Funds Transfer at Point Of Sale). This is an exciting opportunity to join a dynamic team and grow with a leading company in the financial services industry.
Key Responsibilities:

Conduct door-to-door sales visits to retail merchants within assigned territories
Promote and sell EFTPOS solutions to potential customers
Demonstrate product features and benefits to prospective clients
Build and maintain strong relationships with retail merchants
Achieve sales targets and KPIs set by the management
Provide excellent customer service and support to clients
Collect and report market feedback and sales data to the management team
Attend training sessions and sales meetings as required

Requirements:

High school diploma or equivalent; a bachelor’s degree in business, marketing, or a related field is a plus
Previous experience in sales, especially field sales or door-to-door sales, is preferred
Excellent communication and interpersonal skills
Strong negotiation and persuasion abilities
Self-motivated with a results-driven approach
Ability to work independently and as part of a team
Valid driver’s license

Benefits:

Competitive salary and commission structure
Multicultural and excellent working environment
Opportunities for career advancement",Entry / Junior,Full-time,"Athens, Greece",EL,,,,2024-09-09,kariera.gr,168866
,['http://data.europa.eu/esco/skill/0bfb44c7-c412-49ed-aab4-e33d0dd3b265'],"['http://data.europa.eu/esco/occupation/56fa783a-cca4-42ef-8862-1fb6e43f215c', 'http://data.europa.eu/esco/isco/C522']",58,HUMAN RESOURCES WANTED,"The company is looking for staff in the sales and external operations department
Candidate Profile: 

Positive personality 
Ambition 
Customer-centric concept
Willingness to achieve goals 
Driving license required 
Prior service is optional 

 We provide: 

Fixed pay 
Dynamic extra bonus program 
Continuous training for better results 
Perspective of development in responsible positions",No experience / No degree,Full-time,"Galatsi, Greece",EL,,,,2024-09-09,kariera.gr,168844
,"['http://data.europa.eu/esco/skill/14832d87-2f2f-4895-b290-e4760ebae42a', 'http://data.europa.eu/esco/skill/2fbf0966-18bc-429c-8b0d-e7ab86d5788b', 'http://data.europa.eu/esco/skill/345486f3-f265-4fc8-8ed0-5e96e768e333', 'http://data.europa.eu/esco/skill/4339176e-3acd-4f7f-a5d9-445bee3d23f2', 'http://data.europa.eu/esco/skill/44a117a9-4443-43a4-b037-23c716af671e', 'http://data.europa.eu/esco/skill/541cdc23-1eec-4520-81fc-3392eaf538ed', 'http://data.europa.eu/esco/skill/633a3637-2c6b-40ae-ac38-289eb2a62aa6', 'http://data.europa.eu/esco/skill/68defa68-cb54-4d99-89ac-af6bfd71946b', 'http://data.europa.eu/esco/skill/75b30aeb-34c0-40f4-b77d-271d75a98b14', 'http://data.europa.eu/esco/skill/e24377fb-020b-4430-8bed-86dd539bbf3a']","['http://data.europa.eu/esco/occupation/72628f3a-fd49-499a-9741-870b0a1fcef2', 'http://data.europa.eu/esco/occupation/b3ce981c-5b32-4de2-8e53-502a6357b2bc', 'http://data.europa.eu/esco/isco/C214', 'http://data.europa.eu/esco/isco/C3355']",66,Payments Risk Operations Specialist,"Etraveli Group is the globally leading company for tech solutions and fulfillment capabilities for online sales of flights. We are here to solve complexity, by connecting millions of flights and travelers across the globe, from search and selection to trip and beyond. We hold consumer online travel agency brands like Mytrip, GoToGate & Flight Network and serve Booking.com with flights. Etraveli Group has also established strategic partnerships with companies like Skyscanner, Google Flights, TUI, etc. Every day we strive to make the world smaller for our customers and bigger for our people. Our diverse team of more than 2400 passionate professionals is what makes us the industry’s tech wonder and the best in the world at what we do. Our major offices are in Sweden (HQ), Canada, Greece, India, Poland with the Athens office being one of the largest, hosting around 580 employees working from the center of Athens for the rest of the world. Join us and start as Payments Risk Operations Specialist in the Risk Management team!Position SummaryIf you are captivated by mind games, you possess strong investigation skills and can see patterns behind numbers and scattered pieces of information, it’s highly likely that Payments Risk Operations Specialist would be your dream job!As a Payments Risk Operations Specialist your main responsibility will be to protect Etraveli Group from financial losses due to fraudulent activities while maintaining sales and customer experience in top performance. Besides screening high risk transactions, this role should also propose innovative improvements in existing processes. The ideal candidate must have excellent investigation, problem solving and decision making skills and is expected to be up-to-date with the latest online fraud trends as well as with potential fraud screening tools.Responsibilities Screen potentially high-risk transactions accurately and in a timely manner utilizing a wide range of fraud prevention systems, tools and reports. Identify fraud patterns or abnormalities and take appropriate actions to prevent similar activities and mitigate potential future fraud. Thoroughly process and analyze fraud alerts received from external sources. Ensure transaction authenticity by contacting customers via phone and/or email. Propose innovative improvements to our existing processes, aiming to further enhance our fraud prevention and detection strategies Deliver dynamic tasks & provide support for a wide range of business analyses. Stay up to date with the latest online fraud trends, practices, and tools through continuous learning & research. Be a problem-solver. Requirements Bachelor’s degree and/or studies preferably in Science, Technology, Engineering, Mathematics. Excellent command of the English language. Advanced experience with MS office (especially Excel) Data driven approach along with strong critical, analytical and investigation skills. Ability to act proactively, take initiatives and demonstrate a can-do attitude focusing on producing high quality results within a fast-paced environment. Team player with strong interpersonal and communication skills including the ability to effectively interact with clients.  Work independently, meet tight deadlines while navigating multiple systems and processes Discretion in dealing with confidential information. High level of responsibility & integrity combined with eagerness to work in a multicultural, international environment subject to continuous changes. Previous work experience as a Fraud Analyst will be considered a plus  Availability to work on shifts around the clock (24/7) – 8-hour shifts, 5 days per week including weekends and bank holidays.  BenefitsWe are looking for people who would make the world smaller for travelers but want a bigger world of opportunities for themselves. With us you can enjoy: #LI-Hybrid working environment - having the opportunity to work both remotely and at the office enabling you flexibility! Health Benefits - Through partners we offer a private health insurance plan. We also offer the possibility to use 2 extra medical leave days in case of need. Monthly ticket restaurant card - to spend in one of the thousands affiliated restaurants, cafes, stores or supermarkets across Greece. Office in the City – We sit on bright, large floors (over 4000㎡!) in central Athens. Just a short walk from the Ambelokipi Metro station. Growth – We believe in personal development and continuous education, thus we offer the opportunity of role-related training on tools and best practices. We also like to schedule company/department/team activities and events outside the office space! We have a relaxed & fun work environment where you can enjoy free breakfast coffee/tea, playing ping pong or video games.  At Etraveli Group we value diversity; we pride ourselves on being a company represented by people of all different backgrounds. During hiring, we are committed to ensure equality and promote diversity in the workplace at every selection stage. As such, we provide the same opportunities for all candidates regardless of race, religion or belief, gender, nationality, ethnicity, sexual orientation, age, marital status, disability, or any other characteristic protected under any anti-discrimination law or regulation.",Mid-level,Full-time,"Athens, Greece",EL,,,,2024-09-09,kariera.gr,168843
,"['http://data.europa.eu/esco/skill/0b144726-21c2-46ed-8d13-c03d27f61604', 'http://data.europa.eu/esco/skill/4707da90-9cfc-46ca-8de0-38a0b7bfb137', 'http://data.europa.eu/esco/skill/8a753714-9a19-4418-9b37-77e79d72c705', 'http://data.europa.eu/esco/skill/95760903-58e9-4194-842a-a24e0af43074', 'http://data.europa.eu/esco/skill/9a42bdc6-8496-4874-b9f5-b48207a85282', 'http://data.europa.eu/esco/skill/c68e4cc4-b842-4660-a84c-48f11c70f657', 'http://data.europa.eu/esco/skill/d56a2182-14e0-4319-ab2f-0133aa67672b']","['http://data.europa.eu/esco/occupation/01a83071-6533-4675-b2da-f0c6d02669f5', 'http://data.europa.eu/esco/occupation/12ff7f9c-c5b5-4d4a-b585-c350dd1400eb', 'http://data.europa.eu/esco/occupation/2d32bea0-dccd-4dc5-9ea9-c51c653a46ef', 'http://data.europa.eu/esco/occupation/3b129d8d-268e-465a-b0c5-bf32cae59a41', 'http://data.europa.eu/esco/occupation/929ef41d-afd0-4d5a-b85b-69eab68fa368', 'http://data.europa.eu/esco/occupation/942211c1-b534-4a14-ae85-38ea44c2d14b']",69,Claims Executive,"Join Avis: Where Your Career Finds Purpose and We Redefine Mobility At Avis, we're transforming the way people move and leading the change in the global mobility industry. We're on a mission to innovate and create integrated products and services that open up entirely new travel opportunities with unprecedented convenience and flexibility.Why Avis is the Place to Be:🤝 A Great Place to Work: Avis is more than a company; it's a community that values its people. We take immense pride in providing a collaborative working environment, committed to nurturing innovation, and placing the customer at the core of everything we do.🚀 Your Career, Your Purpose: Join us, and you'll discover that Avis is where your career truly finds its purpose. We're not just offering jobs; we're inviting the best talent to become part of our vision for a better, more connected world.🗝️ Unlock Your Potential with Avis Greece – Claims Executive🗝️Avis Greece is on the hunt for an exceptional Claims Executive who will act as a member of Claims & Insurance Department. A Claims Executive has a multilevel role which includes settling claims using best practices, communicating with clients involved in car accidents but also with third parties, insurance companies regarding claims collection etc. Are you an expert in claims management and client communication? If so, this could be the ideal role for you.🎯 Your Mission:Handle end to end communication and claims settling with customers, third parties, Insurance Companies Maintain an efficient filing system for company’s accidents and claims Reporting and data entry of accidents reports and claims Interact with internal groups such as LTR, RAC and Legal DepartmentAssignment to law firms and follow-up of litigated claims Manage total loss and stolen vehicles processes Requirements🌟 What Spells Success: Your Qualifications  Educational Background: University degree in Insurance, Economics/Business Administration or relevant field  Experience: 2-3 years of working experience in motor claims handling   Analytical Skills: Excel in using MS-Office applications  Team Player: Exhibit a strong team spirit, ethical conduct, and reliability while also being capable of working independently  Effective Multi-Tasking: Manage multiple ongoing tasks with shifting priorities while maintaining attention to detail  Analytical Thinking: Showcase advanced analytical thinking and problem-solving skills  Initiative: Be proactive in suggesting improvements and taking the initiative  Communication: Possess excellent written and verbal communication skills in Greek and English  Customer-centric perception: Focus on excellent customer service Benefits   💼 Explore the Avis PerksCompetitive salary package and bonus schemeHybrid work model Health and life insurance  Pension Plan program  A buddy will support you with your onboarding Monthly Miles for coffee and snacks Opportunity to work in a fast-growing industry with talented people Training opportunities and a continuous feedback performance management system   Unlock your full potential! Apply now to join Avis Greece as our Claims Executive. #AvisGreece #UnlockYourPotential #Operations",Mid-level,Full-time,"Athens, Greece",EL,,,,2024-09-09,kariera.gr,168842
,"['http://data.europa.eu/esco/skill/01fec851-b5f4-419b-940a-3b4c835adfa8', 'http://data.europa.eu/esco/skill/0e21e183-e787-4f23-a240-93b416c088c2', 'http://data.europa.eu/esco/skill/198f62a5-dadb-4653-80fe-0108e8af7cd3', 'http://data.europa.eu/esco/skill/2fb8480e-de3c-462b-b169-e8bbb344da68', 'http://data.europa.eu/esco/skill/378caeec-10a0-4162-b75c-ab374a42e93d', 'http://data.europa.eu/esco/skill/8c3ac8d1-5349-45bb-9006-e073ee3b5d16', 'http://data.europa.eu/esco/skill/9bf266a6-188b-4d17-a22f-2f266d76832b', 'http://data.europa.eu/esco/skill/b8ac179c-4a29-4467-9177-031daf1321d6']","['http://data.europa.eu/esco/occupation/586fe133-1987-41f4-b89a-f39d4bc58e1e', 'http://data.europa.eu/esco/occupation/79082f76-4b11-4594-8437-2db567331f41', 'http://data.europa.eu/esco/occupation/8de99659-5b10-4825-ac67-0c50189bcc3c', 'http://data.europa.eu/esco/occupation/bea705fe-06ac-4147-b8e0-6e8ac1208d8f', 'http://data.europa.eu/esco/occupation/bf367464-950a-416c-98b1-52b9d571550e', 'http://data.europa.eu/esco/isco/C9334']",70,SEPHORA: E-Store Warehouse Clerk,"SEPHORA GREECE
""E-Store Warehouse Clerk""
Sephora Greece belongs to the LVMH Moët Hennessy Louis Vuitton Group, the world leader in the category of luxury goods. Sephora is a ""beauty"" destination because of its unparalleled product variety, exceptional customer service from skilled and experienced staff, interactive experience and innovation.
SEPHORA Greece is interested in immediately hiring SEASONAL new colleagues for the period October 2024 - January 2025, so as to strengthen the E-Store team.
These people will report to the Head of E-Store & Warehouse.
The recruitment will concern Full-time employees - FULL EMPLOYMENT.
Place of Work: VRILISSIA
Basic responsibilities are: arranging items on the shelves, collecting, & packing customer orders.
Job Description:

Receiving, sorting and packaging of products
Arranging items from receipts or returns to shelves
Transport of the collected products to the inspection and shipment preparation area
Receipt of warehouse stock products and packaging materials (picking, unloading, marking, storage)
Ensuring cleanliness and safety of the workplace as well as optimal use of storage space for packaging materials
Cleanliness of storage areas and removal of waste outside the warehouse.

Other Skills:

Ability to work under pressure
Spirit of cooperation
Willingness to learn
Consistency & Accuracy

Technical knowledge

Good knowledge of English (important for product descriptions collected)
Previous experience in E-Store/ E-Shop will be considered an advantage
Getting familiar with using a PC",Entry / Junior,Full-time,"Vrilissia, Greece",EL,,,,2024-09-09,kariera.gr,168838
,"['http://data.europa.eu/esco/skill/15d76317-c71a-4fa2-aadc-2ecc34e627b7', 'http://data.europa.eu/esco/skill/2cae39d6-78c2-4ce3-bee8-628504371463', 'http://data.europa.eu/esco/skill/39b2f4dc-86b7-4bf9-94df-01771a56e042', 'http://data.europa.eu/esco/skill/a15dab55-f1da-4f85-ae3e-2b5c5b5333ca']",['http://data.europa.eu/esco/occupation/13d1b2b4-99dd-44da-9734-c9f74bae18f7'],73,SELLER/TREE-CASHIER (PIGEON),"Job Description: 

Providing a high level of customer service
Arranging products and participating in maintaining an organized store
Fund
Receipts of goods 

Required Qualifications: 

Previous experience in retail sales
Previous experience in children's clothing will be an added advantage
Ease of communication and customer service
Kindness and willingness 
Organization and consistency
Ability to work flexible hours depending on the needs of the store

The company offers: 

Excellent working conditions in a constantly developing environment
Competitive remuneration scheme depending on qualifications 
Productivity bonus based on target achievement
Continuous training and development opportunities 
Staff discount on ORCHESTRA products",Mid-level,Part-time,"Peristeri, Greece",EL,,,,2024-09-09,kariera.gr,168832
,"['http://data.europa.eu/esco/skill/0b144726-21c2-46ed-8d13-c03d27f61604', 'http://data.europa.eu/esco/skill/0da516ee-e70e-4384-be13-f5ff80be8127', 'http://data.europa.eu/esco/skill/13d96098-2ff0-46b8-b326-b7c0e18cc1f1', 'http://data.europa.eu/esco/skill/378caeec-10a0-4162-b75c-ab374a42e93d', 'http://data.europa.eu/esco/skill/450de541-797a-4da0-9fe4-a81471c8047d', 'http://data.europa.eu/esco/skill/60c544c9-0815-479c-bcec-93c7891815ea', 'http://data.europa.eu/esco/skill/b811231c-9398-4996-bd14-48b15a3caaeb']","['http://data.europa.eu/esco/occupation/55a785db-0636-41b8-950f-0b65abe5e81b', 'http://data.europa.eu/esco/occupation/754c349d-67d5-48e5-81c1-e84d2fab59d0', 'http://data.europa.eu/esco/isco/C2265', 'http://data.europa.eu/esco/isco/C2433']",91,Sales Advisor (Nea Erythraia) / Εκπρόσωπος Πωλήσεων (Νέα Ερυθραία),"About us
In 2023, FOURLIS Group entered into the fast growing sector of health and wellness with Holland & Barrett! So far, we count 10 physical retail stores operating in Attiki and Thessaloniki!
Our vision is to become a leading player in the health & wellness industry throughout the region of Greece, Romania and Bulgaria by opening 120 physical stores over time along with our Holland & Barrett e-shop!
Holland & Barrett International, established in 1870, is one of the Europe’s leading health and wellness retailers in providing a wide range of products in 4 key pillars - vitamins & supplements, natural beauty, health foods, and sports nutrition - with over 1.600 stores worldwide!
Do you want to become part of our health & wellness success story? If yes, then this is the right time to apply for the Sales Advisor position (full-time) for our shop-in-shop in Nea Erythraia (Attiki)!
Wellness begins with you, start your journey today!
 
The job
Sales Advisors are vital to our success! Yes, you will need to be able to carry out regular tasks for the optimal store operation like delivering exceptional customer service, making sales, replenishing shelves and keeping the store clean and tidy, but there's so much more to it than that! Sales Advisors are experts in giving our customers the advice they need to live healthier, happier lives. And you will be ready for whatever question, query or lifestyle goal is thrown your way, as we make sure you complete a specialized “Qualified to Advise” training that is designed in order for you to thrive in your role! The training is challenging, but it will turn you into a health and wellness expert, ready to advise our customers on whatever they need! If you want to go on and specialize in sports, nutrition, beauty or aromatherapy, we can help you to do that too.
 
The person
To be successful, we'd like you to show us that you have:

Passion and enthusiasm for our products, nutritional supplements, natural beauty and healthy living
Compassionate and consultative approach to customers
Motivation to study and ability to undertake computer-based study to support the product knowledge required to achieve an accredited qualification
Ability to work well within a team
Excellent communication and interpersonal skills
Ability to effectively multi-task
Positive attitude and achievement drive
At least one (1) year of experience in sales/customer service
Good knowledge of the English language, both written and verbal
PC skills
Fulfilled military obligations (where applicable)

Considered as an asset:

Bachelor's Degree in Nutrition & Dietetic Science studies or Pharmacy studies or related field

 
We offer
We offer a competitive remuneration & benefits package (bonus scheme, medical plan, etc.), extensive and continuous training, as well as exceptional opportunities to grow and develop both personally and professionally in an exciting and empowering work environment!
If you want to join our team, please send us your complete resume!",Mid-level,Full-time,"Nea Erythraia, Greece",EL,,,,2024-09-09,kariera.gr,168803
,"['http://data.europa.eu/esco/skill/0cb013af-6dd9-4fb2-b34e-63dda1a5cf82', 'http://data.europa.eu/esco/skill/15d76317-c71a-4fa2-aadc-2ecc34e627b7', 'http://data.europa.eu/esco/skill/199f7919-5114-41b6-b6a5-41e0e4896ec1', 'http://data.europa.eu/esco/skill/450de541-797a-4da0-9fe4-a81471c8047d', 'http://data.europa.eu/esco/skill/6d3edede-8951-4621-a835-e04323300fa0', 'http://data.europa.eu/esco/skill/b19e0820-a96f-4c0a-a724-3c056180c1b3', 'http://data.europa.eu/esco/skill/e8bd4f15-c928-463c-8454-5a7d99dd9926', 'http://data.europa.eu/esco/skill/f7f56b20-8f05-4731-a1bf-79fdcffc72ce']","['http://data.europa.eu/esco/occupation/13d1b2b4-99dd-44da-9734-c9f74bae18f7', 'http://data.europa.eu/esco/isco/C243', 'http://data.europa.eu/esco/isco/C3322', 'http://data.europa.eu/esco/isco/C523']",94,Salesmen - Saleswomen Spring,"Do you have a passion for sales? Do you want to work and develop your career in a dynamic and constantly developing environment? Do you love pets as much as we do?
Don't wait any longer! Apply now and join the most Pawsome team🐾
 
Who are we?
Pet City Group is the largest chain of pet food and accessories stores in Greece, with a presence of more than 30 years in the field of retail trade. Our team consists of a network of 97 stores and 800 people who love animals, like development and knowledge, and we give our best to Pet service every day.
As part of our growth, we are looking for enthusiastic candidates with a passion for sales and oriented towards the best possible customer service to fill the positions of Salesperson in our store in the Spring.
 
What makes a Sales Associate stand out?
As a Sales Associate you are the heart of our stores. With your smile and pleasant disposition, you advise and guide every Pet Parent, so that they trust us every day both for their purchases and for the care of their beloved pets. Some of the characteristics that a successful Sales Associate should have are customer orientation, fluency in communication, courtesy, reliability, being affectionate, loving, consistent and adaptable and above all wanting to learn and develop within the Our team!
 
Your responsibilities:

Welcoming, informing and guiding customers for the best purchase option
Sales and after sales service ensuring a positive customer experience
Store stock control and replenishment when necessary to best serve needs
Processing orders, receiving and organizing the warehouse and the central area of ​​the store
Order receipt and control
Use of cash register

 
Necessary qualifications:

Willingness to train and develop
Customer service orientation
Basic knowledge of English and PC
Ease of communication and pleasant personality
Responsibility and consistency
Team spirit of cooperation

 
Our facilities:
💶 Competitive and stable salary package
🏆 Reward program for achieving corporate goals
🎓 Continuous training and development through Pet City Academy
💼 Career development opportunities to Supervisor --> Store Supervisor --> Store Manager in a dynamic and constantly growing environment
💊 Preferential prices and discounts in a network of partner companies for health, wellness and insurance benefits
🏷️ Staff discounts on our products and services.",Entry / Junior,Full-time,"Anoixi, Greece",EL,,,,2024-09-09,kariera.gr,168800
,"['http://data.europa.eu/esco/skill/0cb013af-6dd9-4fb2-b34e-63dda1a5cf82', 'http://data.europa.eu/esco/skill/15d76317-c71a-4fa2-aadc-2ecc34e627b7', 'http://data.europa.eu/esco/skill/199f7919-5114-41b6-b6a5-41e0e4896ec1', 'http://data.europa.eu/esco/skill/450de541-797a-4da0-9fe4-a81471c8047d', 'http://data.europa.eu/esco/skill/6d3edede-8951-4621-a835-e04323300fa0', 'http://data.europa.eu/esco/skill/b19e0820-a96f-4c0a-a724-3c056180c1b3', 'http://data.europa.eu/esco/skill/e8bd4f15-c928-463c-8454-5a7d99dd9926', 'http://data.europa.eu/esco/skill/f7f56b20-8f05-4731-a1bf-79fdcffc72ce']","['http://data.europa.eu/esco/occupation/13d1b2b4-99dd-44da-9734-c9f74bae18f7', 'http://data.europa.eu/esco/isco/C243', 'http://data.europa.eu/esco/isco/C3322', 'http://data.europa.eu/esco/isco/C523']",96,Salesmen - Saleswomen Vari,"Do you have a passion for sales? Do you want to work and develop your career in a dynamic and constantly developing environment? Do you love pets as much as we do?
Don't wait any longer! Apply now and join the most Pawsome team🐾
 
Who are we?
The Pet City Group is the largest chain of pet food and accessories stores in Greece, with a presence of more than 35 years in the field of retail trade. Our team consists of a network of 97 stores and 800 people who love animals, like development and knowledge, and we give our best to Pet service every day.
As part of our development, we are looking for enthusiastic candidates with a passion for sales and oriented towards the best possible service to our customers to fill the positions of Salesperson in our stores in Vari.
 
What makes a Sales Associate stand out?
As a Sales Associate you are the heart of our stores. With your smile and pleasant disposition, you advise and guide every Pet Parent, so that they trust us every day both for their purchases and for the care of their beloved pets. Some of the characteristics that a successful Sales Associate should have are customer orientation, fluency in communication, courtesy, reliability, being affectionate, loving, consistent and adaptable and above all wanting to learn and develop within the Our team!
 
Your responsibilities:

Welcoming, informing and guiding customers for the best purchase option
Sales and after sales service ensuring a positive customer experience
Store stock control and replenishment when necessary to best serve needs
Processing orders, receiving and organizing the warehouse and the central area of ​​the store
Order receipt and control
Use of cash register

 
Necessary qualifications:

Willingness to train and develop
Customer service orientation
Basic knowledge of English and PC
Ease of communication and pleasant personality
Responsibility and consistency
Team spirit of cooperation

 
Our facilities:
💶 Competitive and stable salary package
🏆 Reward program for achieving corporate goals
🎓 Continuous training and development through Pet City Academy
💼 Career development opportunities to Supervisor --> Store Supervisor --> Store Manager in a dynamic and constantly growing environment
💊 Preferential prices and discounts in a network of partner companies for health, wellness and insurance benefits
🏷️ Staff discounts on our products and services.",Entry / Junior,Full-time,"Vari, Greece",EL,,,,2024-09-09,kariera.gr,168799
,"['http://data.europa.eu/esco/skill/0cb013af-6dd9-4fb2-b34e-63dda1a5cf82', 'http://data.europa.eu/esco/skill/15d76317-c71a-4fa2-aadc-2ecc34e627b7', 'http://data.europa.eu/esco/skill/199f7919-5114-41b6-b6a5-41e0e4896ec1', 'http://data.europa.eu/esco/skill/450de541-797a-4da0-9fe4-a81471c8047d', 'http://data.europa.eu/esco/skill/6d3edede-8951-4621-a835-e04323300fa0', 'http://data.europa.eu/esco/skill/a15dab55-f1da-4f85-ae3e-2b5c5b5333ca', 'http://data.europa.eu/esco/skill/b19e0820-a96f-4c0a-a724-3c056180c1b3', 'http://data.europa.eu/esco/skill/e8bd4f15-c928-463c-8454-5a7d99dd9926', 'http://data.europa.eu/esco/skill/f7f56b20-8f05-4731-a1bf-79fdcffc72ce']","['http://data.europa.eu/esco/occupation/13d1b2b4-99dd-44da-9734-c9f74bae18f7', 'http://data.europa.eu/esco/isco/C523']",97,Salesmen - Saleswomen Mega Store Glyfada,"Are you excited by the idea of ​​developing in a fast-paced environment and taking your career to the next level? Do you want to contribute with your skills to the continuous development of our team and become part of its success? Do you love pets as much as we do?
Don't wait any longer! Apply now and join the most Pawsome team🐾
 
Pet City, a leader in Pet Retail with over 30 years of market presence and a network of 97 stores and 3 online shops, is looking for enthusiastic Sales Associates with a passion for sales and an orientation towards excellent customer service, to work permanently for our Mega Store in Glyfada.
The store in Glyfada, one of the largest stores of the group, stands out for its pleasant space, offering a wide range of products for all needs, as well as top grooming services for our beloved pets. In addition, it has an ultra-modern state-of-the-art veterinary center, which covers with dedication and professionalism a wide range of services for our beloved pets, as well as an impressive aquarium section that captivates the eyes of our customers, thus creating a unique destination for every pet parent and his favorite pets.
In our store we are passionate about serving pet parents and their pets, and we encourage the development of the people on our team through internal advancement opportunities.
Join our team and watch your career take off!
 
Your responsibilities:

Welcoming, informing and guiding customers for the best purchase option
Sales and after sales service ensuring a positive customer experience
Store stock control and replenishment when necessary to best serve needs
Processing orders, receiving and organizing the warehouse and the central area of ​​the store
Order receipt and control
Use of cash register

 
Necessary qualifications:

Willingness to train and develop
Customer service orientation
Basic knowledge of English and PC
Ease of communication and pleasant personality
Responsibility and consistency
Team spirit of cooperation

 
Our facilities:
💶 Competitive and stable salary package
🏆 Reward program for achieving corporate goals
🎓 Continuous training and development through Pet City Academy
💼 Career development opportunities to Supervisor --> Store Supervisor --> Store Manager in a dynamic and constantly growing environment
💊 Preferential prices and discounts in a network of partner companies for health, wellness and insurance benefits
🏷️ Staff discounts on our products and services.",No experience / No degree,Full-time,"Glyfada, Greece",EL,,,,2024-09-09,kariera.gr,168798
,"['http://data.europa.eu/esco/skill/0cb013af-6dd9-4fb2-b34e-63dda1a5cf82', 'http://data.europa.eu/esco/skill/15d76317-c71a-4fa2-aadc-2ecc34e627b7', 'http://data.europa.eu/esco/skill/199f7919-5114-41b6-b6a5-41e0e4896ec1', 'http://data.europa.eu/esco/skill/2fb8480e-de3c-462b-b169-e8bbb344da68', 'http://data.europa.eu/esco/skill/450de541-797a-4da0-9fe4-a81471c8047d', 'http://data.europa.eu/esco/skill/6d3edede-8951-4621-a835-e04323300fa0', 'http://data.europa.eu/esco/skill/b19e0820-a96f-4c0a-a724-3c056180c1b3', 'http://data.europa.eu/esco/skill/e8bd4f15-c928-463c-8454-5a7d99dd9926', 'http://data.europa.eu/esco/skill/f7f56b20-8f05-4731-a1bf-79fdcffc72ce']","['http://data.europa.eu/esco/occupation/13d1b2b4-99dd-44da-9734-c9f74bae18f7', 'http://data.europa.eu/esco/isco/C523']",98,Salesmen - Saleswomen Voula,"Are you willing to grow and develop new customer service skills in a large retail store? Are you looking for a team that will encourage you to progress and become the best version of yourself? Do you love pets as much as we do?
Don't wait any longer! If you want to be part of our success and continuous development, apply now and join the most Pawsome team🐾
Pet City, with a presence of more than 30 years in the retail trade and a network of 97 stores and 3 online shops, is looking for Sales Associates for the original and renovated store in Voula.
The Pet City store in Voula stands out with its thorough renovation and offers a modern and pleasant shopping area. This renovation, as part of our continued growth and innovation, is designed to provide the best possible experience for pet parents and their pets. It has an extensive variety of products for all types of pets, as well as specialized pet spa services. Our staff provides high quality service to both owners and their pets.
 
In our store we are passionate about serving pet parents and their pets, and we encourage the development of the people on our team through internal advancement opportunities.
Join our team and watch your career take off!
Your responsibilities:

Welcoming, informing and guiding customers for the best purchase option
Sales and after sales service ensuring a positive customer experience
Store stock control and replenishment when necessary to best serve needs
Processing orders, receiving and organizing the warehouse and the central area of ​​the store
Order receipt and control
Use of cash register

 
Necessary qualifications:

Willingness to train and develop
Customer service orientation
Basic knowledge of English and PC
Ease of communication and pleasant personality
Responsibility and consistency
Team spirit of cooperation

 
Our facilities:
💶 Competitive and stable salary package
🏆 Reward program for achieving corporate goals
🎓 Continuous training and development through Pet City Academy
💼 Career development opportunities to Supervisor --> Store Supervisor --> Store Manager in a dynamic and constantly growing environment
💊 Preferential prices and discounts in a network of partner companies for health, wellness and insurance benefits
🏷️ Staff discounts on our products and services.",No experience / No degree,Full-time,"Voula, Greece",EL,,,,2024-09-09,kariera.gr,168797
,"['http://data.europa.eu/esco/skill/0bfb44c7-c412-49ed-aab4-e33d0dd3b265', 'http://data.europa.eu/esco/skill/0da516ee-e70e-4384-be13-f5ff80be8127', 'http://data.europa.eu/esco/skill/2239694b-771a-4586-8b54-2794e361a9ae', 'http://data.europa.eu/esco/skill/378caeec-10a0-4162-b75c-ab374a42e93d', 'http://data.europa.eu/esco/skill/75d8e5d9-bef3-418b-9011-01bff9f27207', 'http://data.europa.eu/esco/skill/7bb5d9af-0a7e-48a7-a860-0e1ded0f6e75', 'http://data.europa.eu/esco/skill/8330c86e-63cf-4be6-849f-4f77628cc5c5', 'http://data.europa.eu/esco/skill/ccdf3597-5c80-410f-896d-e1bdfa223de9']","['http://data.europa.eu/esco/occupation/13d1b2b4-99dd-44da-9734-c9f74bae18f7', 'http://data.europa.eu/esco/occupation/586fe133-1987-41f4-b89a-f39d4bc58e1e', 'http://data.europa.eu/esco/occupation/7843a4c6-a9f6-4095-94b9-45b384d4bd57', 'http://data.europa.eu/esco/occupation/a7594892-ff23-4e2a-aedf-2f967ebca15c', 'http://data.europa.eu/esco/occupation/f1fcad3b-fdf0-444a-81b0-e50e96f8966a', 'http://data.europa.eu/esco/isco/C3322']",101,STORE ASSISTANT - Brooks Brothers,"You will be called upon to play a key role in ensuring the success of our store by supervising a team of experienced salespeople and working closely with the Store Manager.
If you have a passion for the retail industry, excellent sales skills and team management experience, we invite you to join our company.
Duties:

Support the Store Manager in all aspects of store operations including sales, customer service, inventory management and product display.
Lead and encourage a team of 6-7 salespeople, fostering a positive and efficient work environment.
Train and onboard new team members, ensuring they have the knowledge and skills required to successfully perform their duties.
Maintain a deep understanding of the Brooks Brothers brand and our products, effectively communicating this knowledge to customers and the sales team.
Work with the Store Manager to develop and implement strategies to optimize store performance and improve the overall customer experience.
Ensure company visual display policies, procedures and guidelines are followed to create a commercial and visually appealing store environment.
Help resolve day-to-day customer issues and requests, ensuring maximum customer satisfaction.

Requirements:

Previous experience in responsible fashion retail positions.
History of meeting and exceeding sales targets.
Leadership skills, with the ability to encourage and inspire the team.
Excellent communication skills and interpersonal skills.
Excellent customer service, with the ability to build relationships of trust and establish long-term relationships with customers.

 
We offer competitive pay, work uniform every season, employee discount and career development opportunities within our organization.
 
To apply for this exciting opportunity, please submit your CV to outletbb@ltapparel.gr
 
Note: Only candidates selected for an interview will be contacted.",Senior,Full-time,"Spata Loutsas, Greece",EL,,,,2024-09-09,kariera.gr,168546
,"['http://data.europa.eu/esco/skill/468135b7-5757-48c3-9509-fde0e13ec5be', 'http://data.europa.eu/esco/skill/694dc996-52f3-4afa-a802-672e19f061b7']","['http://data.europa.eu/esco/occupation/13d1b2b4-99dd-44da-9734-c9f74bae18f7', 'http://data.europa.eu/esco/isco/C3322']",111,Store Clerk (Glyfada),"In the team kariera.gr | At Mass Recruitment, we don't just offer a job, we offer you the opportunity to become part of a constantly changing work environment. With years of expertise in crowdsourcing services, we bring together outstanding candidate talent with dynamic companies.
In the team of kariera.gr | Mass Recruitment your every professional move is a step towards excellence. Start a career with us where your skills meet unparalleled opportunities. 
The Mass Recruitment team of kariera.gr is looking for a Store Clerk on behalf of the Tailor company, which operates in the premium menswear sales area, to staff its central store in Glyfada.
Duties and Responsibilities:
Your daily routine will include:

Customer service
Registration of offers and orders
Maintaining order and organization of the store

Required Qualifications:

Experience in sales or customer service preferred
Flexibility in working hours
Result orientation, enthusiasm for achieving goals

We offer:



Stable job, five days full time
Competitive remuneration package
Continuous training and the possibility of professional advancement



#hiringsolutionsisrecruiting",Mid-level,Full-time,"Glyfada, Greece",EL,,,,2024-09-09,kariera.gr,168780
,"['http://data.europa.eu/esco/skill/2239694b-771a-4586-8b54-2794e361a9ae', 'http://data.europa.eu/esco/skill/6d97bf55-6fb6-4795-8282-3ef915ae0bb8']",['http://data.europa.eu/esco/occupation/cbde1a3a-406d-4d17-b30b-03981925035d'],115,Store Energy Consultant Ave. Composer,"Volton Hellenic Energy SA is a Greek company that operates dynamically and rapidly increases its capabilities in the field of Electricity Supply and Trading, in the field of Natural Gas Energy and soon enough in the field of Telecommunications.
 
By offering reliable services that meet the ever-increasing energy needs of businesses and households, Volton aims to build stable and reliable relationships with its customers. The company's ambition is to become one of the most important companies in the sector and to remain at the forefront of developments in the field of electricity and natural gas supply. The company will soon enter the telecommunications sector with the aim of further expanding its service portfolio. As part of its growth, Volton is strengthening its human resources and is looking for:
 
Store Energy Consultants
 
For our privately owned store in Athens (Syggrou Avenue)
 
Volton's energy consultants are in our stores with the aim of better serving the customer's needs by offering unique services and solutions!
 
💡 So if you consider sales a challenge
💡 You have a communicative character
💡 Zeal to achieve goals
💡 Prior sales experience will be considered an asset
 
Apply now!
 
  
🎯 Position Responsibilities:
💡 Promotion of the company's products and services
💡 Excellent service to existing and new customers and development of trusting relationships
💡 Customer support and guidance in comprehensive solutions tailored to their needs
💡 Store image organization
💡 Carrying out cash transactions
 
🎯 The Company offers:
💡 Competitive salary package
💡 Monthly productivity bonus
💡 Private security
💡 Joining the company's special employee preferential tariff program
💡 Growth and development opportunities in an innovative and fast-growing organization
💡 Joining a certified Great Place to Work company, which encourages a positive work environment
💡 Modern and contemporary facilities
 
 
If you are interested in working at the Volton Group you can send your CV by applying.
 All applications will be strictly confidential.
 As long as your resume meets the job requirements, we will contact you by phone to set up a meeting.
 Information about the Group on our site volton.gr",Entry / Junior,Full-time,"Athens, Greece",EL,,,,2024-09-09,kariera.gr,168775
,"['http://data.europa.eu/esco/skill/0da516ee-e70e-4384-be13-f5ff80be8127', 'http://data.europa.eu/esco/skill/4707da90-9cfc-46ca-8de0-38a0b7bfb137', 'http://data.europa.eu/esco/skill/9bf266a6-188b-4d17-a22f-2f266d76832b', 'http://data.europa.eu/esco/skill/a8797f21-1af0-4c5e-98ca-bf1442929363', 'http://data.europa.eu/esco/skill/b19e0820-a96f-4c0a-a724-3c056180c1b3', 'http://data.europa.eu/esco/skill/d4cc5022-7801-4885-bcff-166552788d35', 'http://data.europa.eu/esco/skill/e37d64dc-0f05-4ee8-b065-bf76f70d8f5c', 'http://data.europa.eu/esco/skill/f5122357-c3f7-4f3e-b0cc-25173199d554', 'http://data.europa.eu/esco/skill/f683ae1d-cb7c-4aa1-b9fe-205e1bd23535']","['http://data.europa.eu/esco/occupation/6cd08cbe-7611-4d70-8886-6c59c0385442', 'http://data.europa.eu/esco/occupation/8cb59bc4-1f39-477e-beea-effed12d186c']",122,ΙΟΤ Technical Support (B2B Services Support),"ICAP Employment Solutions is looking for a candidate for the position of IOT Technical Support (B2B Services Support), on behalf of its client, one of the leading companies in the field of telecommunications based in Athens, to join its team!
As a B2B Services Support, you will offer personalized technical service, you will contribute to the improvement and upgrading of the provided IOT services to large corporate clients!
 
 
Qualifications: 
 

Graduate of a School majoring in Telecommunications, Networks or Informatics.
Work experience in telephone technical service or customer service in a telecommunications provider.
Knowledge of mobile networks as well as familiarity with CRM systems (preferably Remedy) will be considered an additional qualification.
Good command of English.
Good working knowledge of MS Office applications.
Ability to work on a rolling shift schedule.
Developed communication skills.
Team spirit of cooperation.
Willingness to learn and self-improve.
Analytical thinking to solve difficult problems.

Requirements
 

Personalized technical service aimed at immediate and efficient service to corporate customers.
Providing improvement and upgrading of IOT services to large corporate clients.
Direct and comprehensive telephone or written communication with the customer.
Quick resolution of technical issues in the IOT service.
Providing information about the progress of active requests.

Benefits
 

Satisfactory salary package


Career development opportunities
Friendly work environment

 
If you wish to join a multinational and dynamic work environment, apply today and send us your CV!
 
Additional information:
As long as your resume meets the job requirements, we will contact you by phone to set up a meeting.
For any further information or clarification do not hesitate to contact us by email at ekaragiannidou@icap-os.com and the relevant job advisor will contact you.
 
*We treat each request with responsibility and absolute confidentiality.
Apply for this job",Entry / Junior,Full-time,"Athens, Greece",EL,,,,2024-09-09,kariera.gr,168764
,"['http://data.europa.eu/esco/skill/0ba7e293-4665-4c8b-86fa-c1a4b1daee12', 'http://data.europa.eu/esco/skill/49fed129-e32b-4f67-b80a-609d79e45b20', 'http://data.europa.eu/esco/skill/68698869-c13c-4563-adc7-118b7644f45d', 'http://data.europa.eu/esco/skill/694dc996-52f3-4afa-a802-672e19f061b7']","['http://data.europa.eu/esco/occupation/0ededdc2-050a-4ec3-8e70-6295105fcd19', 'http://data.europa.eu/esco/occupation/35d4ab0d-5a2a-4ed8-b8ba-7169314168f5', 'http://data.europa.eu/esco/occupation/580c98d4-fb97-4597-864c-54140f058f1b', 'http://data.europa.eu/esco/occupation/d07e6a57-a339-4cfd-bf22-a951713148a3']",124,Call Center Sales Agent (Outbound),"In the team kariera.gr | At Mass Recruitment, we don't just offer a job, we offer you the opportunity to become part of a constantly changing work environment. With years of expertise in crowdsourcing services, we bring together outstanding candidate talent with dynamic companies.
In the team of kariera.gr | Mass Recruitment your every professional move is a step towards excellence. Start a career with us where your skills meet unparalleled opportunities.
The kariera.gr team is looking for an Outbound Sales Agent in the area of ​​Ampelokipi on behalf of its client, one of the largest companies in the retail trade of computers and telecommunications equipment.
Responsibilities

Manage outgoing calls
Investigation of customer needs and personalized service
Manage product campaign actions 
Line transfer to the relevant department if an order arises

Necessary skills

High School/IEK/TEI/University Graduate
Relevant previous experience in a call center or in a retail store is desirable
Good command of English
Customer-centric Perception
Sales ability
Willingness to serve
Handling a large volume of calls

Working relationship

Indefinite contract
Private insurance and discounts on products
1-2 weeks paid training in products, processes and systems
5-day work in shifts
Great environment, work space
Immediate development opportunities

If you are interested, you can apply below and a representative of the kariera.gr team will call you immediately.",Entry / Junior,Full-time,"Athens, Greece",EL,,,,2024-09-09,kariera.gr,168762
,"['http://data.europa.eu/esco/skill/14832d87-2f2f-4895-b290-e4760ebae42a', 'http://data.europa.eu/esco/skill/49fed129-e32b-4f67-b80a-609d79e45b20', 'http://data.europa.eu/esco/skill/5a0bffcf-4ff6-49cf-a7db-4142e63f5f04', 'http://data.europa.eu/esco/skill/694dc996-52f3-4afa-a802-672e19f061b7', 'http://data.europa.eu/esco/skill/b478d218-21df-447f-9eba-6fb11f94b071']","['http://data.europa.eu/esco/occupation/0ededdc2-050a-4ec3-8e70-6295105fcd19', 'http://data.europa.eu/esco/occupation/13d1b2b4-99dd-44da-9734-c9f74bae18f7', 'http://data.europa.eu/esco/occupation/35d4ab0d-5a2a-4ed8-b8ba-7169314168f5', 'http://data.europa.eu/esco/occupation/6cd08cbe-7611-4d70-8886-6c59c0385442', 'http://data.europa.eu/esco/occupation/ccf0becd-247d-4497-9ee7-25a46c1ffb7a', 'http://data.europa.eu/esco/occupation/d07e6a57-a339-4cfd-bf22-a951713148a3', 'http://data.europa.eu/esco/isco/C4223']",133,First (1st) Level Technical Support,"In the team kariera.gr | At Mass Recruitment, we don't just offer a job, we offer you the opportunity to become part of a constantly changing work environment. With years of expertise in crowdsourcing services, we bring together outstanding candidate talent with dynamic companies.
In the team of kariera.gr | Mass Recruitment your every professional move is a step towards excellence. Start a career with us where your skills meet unparalleled opportunities.
The kariera.gr team is looking for a Telephone Technical Support Clerk on behalf of the company PLAISSIO, a leader in the retail trade of computers, office supplies and telecommunications equipment, in the area of ​​Metamorfosi.
Responsibilities:

Incoming call management
Resolving technical issues
Guidance for connecting and installing devices

Qualifications:

Computer knowledge
Communication Skills
Customer service

Main Acceptances:

Competitive remuneration package
Part time / Full time
Continuous education
Private insurance and discount on products
Friendly & modern work environment
Development opportunities

If you are interested, you can apply below and a representative of the kariera.gr team will call you immediately.",No experience / No degree,Full-time,"Metamorfosi, Greece",EL,,,,2024-09-09,kariera.gr,168749
,"['http://data.europa.eu/esco/skill/0ba7e293-4665-4c8b-86fa-c1a4b1daee12', 'http://data.europa.eu/esco/skill/15d76317-c71a-4fa2-aadc-2ecc34e627b7', 'http://data.europa.eu/esco/skill/2239694b-771a-4586-8b54-2794e361a9ae', 'http://data.europa.eu/esco/skill/49fed129-e32b-4f67-b80a-609d79e45b20', 'http://data.europa.eu/esco/skill/68698869-c13c-4563-adc7-118b7644f45d', 'http://data.europa.eu/esco/skill/694dc996-52f3-4afa-a802-672e19f061b7']","['http://data.europa.eu/esco/occupation/4dc6e03f-bfb0-4078-a453-01bd1cb735aa', 'http://data.europa.eu/esco/occupation/580c98d4-fb97-4597-864c-54140f058f1b', 'http://data.europa.eu/esco/occupation/6cd08cbe-7611-4d70-8886-6c59c0385442', 'http://data.europa.eu/esco/occupation/ccf0becd-247d-4497-9ee7-25a46c1ffb7a', 'http://data.europa.eu/esco/occupation/d07e6a57-a339-4cfd-bf22-a951713148a3']",138,Customer retention and development manager (outbound),"In the team kariera.gr | At Mass Recruitment, we don't just offer a job, we offer you the opportunity to become part of a constantly changing work environment. With years of expertise in crowdsourcing services, we bring together outstanding candidate talent with dynamic companies.
In the team of kariera.gr | Mass Recruitment your every professional move is a step towards excellence. Start a career with us where your skills meet unparalleled opportunities.
The team of kariera.gr is looking for a Customer Service Agent on behalf of the Greek company PLAISIO, a retailer of computers, office supplies and telecommunications equipment, in the area of ​​Metamorfosi.
Responsibilities

Corporate customer management
Investigation of customer needs and personalized service
Building a relationship of trust with customers
In-store service satisfaction survey
Manage product campaign actions 
Line transfer to the relevant department if an order arises

Necessary skills

High School/IEK/TEI/University Graduate
Relevant previous experience in a call center or in a retail store is desirable
Good command of English
Customer-centric Perception
Sales ability
Communication

Working relationship

Satisfactory salary and bonus
6 or 8 hour work
5-day work in shifts
1-2 weeks paid training in products, processes and systems
Great environment, work space
Immediate development opportunities

If you are interested, you can apply below and a representative of the kariera.gr team will call you immediately.",No experience / No degree,Full-time,"Metamorfosi, Greece",EL,,,,2024-09-09,kariera.gr,168745
