skills,occupations,id,organization,title,description,experience_level,type,location,location_code,nuts1,nuts2,nuts3,upload_date,source,source_id
"['http://data.europa.eu/esco/skill/496932f1-0b6b-4f73-9432-d95c7ddcd43b', 'http://data.europa.eu/esco/skill/65715f7a-c791-416b-b88a-2933a1c81647', 'http://data.europa.eu/esco/skill/798d427e-51b3-4cd4-8b24-1357015e9ae7', 'http://data.europa.eu/esco/skill/91abe492-18be-4cce-93c7-0dca07072363', 'http://data.europa.eu/esco/skill/bda0d115-f315-453e-99dc-f8b0e5862db3']","['http://data.europa.eu/esco/occupation/068370e0-9c27-4814-87d0-44fbb3140815', 'http://data.europa.eu/esco/occupation/7843a4c6-a9f6-4095-94b9-45b384d4bd57']",353,,Resourcing Consultant,"Company Overview:
Kariera Group is a leading multinational company specializing in HR services, operating across eight countries. We are committed to providing comprehensive HR solutions to our clients, ensuring efficiency, compliance, and employee satisfaction. As part of our dynamic team, you will have the opportunity to contribute to the success of our global operations and make a tangible impact in the field of human resources.
Position Overview:
The Resource Consultant assists Senior Recruiter and Head of Recruitment Services  to identify, select and recruit staff for Kariera Group Recruitment Services Energy Client’s Projects. 
The Resourcing Consultant role is the vital link between Candidates and clients it involves attracting candidates by uploading job posts and using LinkedIn, screening candidates, interviewing them and selecting suitable professionals to put forward to client companies. Additionally, it requires building relationships with candidates, keeping in touch over the phone and in writing.
Responsibilities & Goals:

Proactively source candidates across various media platforms including but not limited to; OGJS Platform, LinkedIn & various social media platforms.
Manage the Job postings for all Project making sure all active projects are posted and live on all out platforms.
Initiate and manage candidate relationships, predominantly over the telephone, understanding their requirements and needs.
Complete pre-screening exercises to ensure applicants are appropriate for their role.
Maintain and oversee our speculative ATS pool and Talent Pipelines .
Oversee the recruitment inbox and respond to general queries from candidates.
Work towards set targets, deadlines, and Key Performance Indicators (KPIs).
Work collaboratively with the Senior Recruitment Consultants and Head of Recruitment Services to ensure a seamless process.

Qualifications:

BSc degree in Human Resources / Business etc. will be considered as a plus.
Excellent command of English and strong communication skills.
Minimum of 6 months experience in resourcing.
Ability to work effectively within a team.
Proactive attitude.
Confidence and results-driven personality.",Entry / Junior,Full-time,"Gerakas, Greece",EL,,,,2024-09-07,kariera.gr,168517
"['http://data.europa.eu/esco/skill/496932f1-0b6b-4f73-9432-d95c7ddcd43b', 'http://data.europa.eu/esco/skill/65715f7a-c791-416b-b88a-2933a1c81647', 'http://data.europa.eu/esco/skill/798d427e-51b3-4cd4-8b24-1357015e9ae7', 'http://data.europa.eu/esco/skill/91abe492-18be-4cce-93c7-0dca07072363', 'http://data.europa.eu/esco/skill/bda0d115-f315-453e-99dc-f8b0e5862db3']","['http://data.europa.eu/esco/occupation/068370e0-9c27-4814-87d0-44fbb3140815', 'http://data.europa.eu/esco/occupation/7843a4c6-a9f6-4095-94b9-45b384d4bd57']",359,,Resourcing Consultant,"Company Overview:
Kariera Group is a leading multinational company specializing in HR services, operating across eight countries. We are committed to providing comprehensive HR solutions to our clients, ensuring efficiency, compliance, and employee satisfaction. As part of our dynamic team, you will have the opportunity to contribute to the success of our global operations and make a tangible impact in the field of human resources.
Position Overview:
The Resource Consultant assists Senior Recruiter and Head of Recruitment Services  to identify, select and recruit staff for Kariera Group Recruitment Services Energy Client’s Projects. 
The Resourcing Consultant role is the vital link between Candidates and clients it involves attracting candidates by uploading job posts and using LinkedIn, screening candidates, interviewing them and selecting suitable professionals to put forward to client companies. Additionally, it requires building relationships with candidates, keeping in touch over the phone and in writing.
Responsibilities & Goals:

Proactively source candidates across various media platforms including but not limited to; OGJS Platform, LinkedIn & various social media platforms.
Manage the Job postings for all Project making sure all active projects are posted and live on all out platforms.
Initiate and manage candidate relationships, predominantly over the telephone, understanding their requirements and needs.
Complete pre-screening exercises to ensure applicants are appropriate for their role.
Maintain and oversee our speculative ATS pool and Talent Pipelines .
Oversee the recruitment inbox and respond to general queries from candidates.
Work towards set targets, deadlines, and Key Performance Indicators (KPIs).
Work collaboratively with the Senior Recruitment Consultants and Head of Recruitment Services to ensure a seamless process.

Qualifications:

BSc degree in Human Resources / Business etc. will be considered as a plus.
Excellent command of English and strong communication skills.
Minimum of 6 months experience in resourcing.
Ability to work effectively within a team.
Proactive attitude.
Confidence and results-driven personality.",Entry / Junior,Full-time,"Gerakas, Greece",EL,,,,2024-09-07,kariera.gr,168430
"['http://data.europa.eu/esco/skill/0550431f-9c8b-4204-9c45-59bc5feacf06', 'http://data.europa.eu/esco/skill/23ac233d-84ad-4517-b0f5-8ca19ba2614e', 'http://data.europa.eu/esco/skill/8f6ed69b-29d0-4c01-81ba-f05920a185f3', 'http://data.europa.eu/esco/skill/a8f2a095-9d03-43f0-980d-2b9fcc59a994']","['http://data.europa.eu/esco/occupation/719f101d-1866-49d3-8d5c-2256f606a8b9', 'http://data.europa.eu/esco/occupation/a6e8a6bf-9209-4d19-a131-a8b6431e0f75', 'http://data.europa.eu/esco/occupation/b06a1dde-e5a1-4219-9491-2bedd0282e4b', 'http://data.europa.eu/esco/occupation/d3e32e5e-7f24-48e3-b939-e4f800eb62fb']",1537,,Talent Acquisition Professional,"Company DescriptionWe are Netcompany-Intrasoft, a member of Netcompany Group A/S, and a leading European IT Solutions and Services company with strong international presence and expertise, dedicated to responsible digitalisation. We offer innovative and added-value solutions of the highest quality to a wide range of public and private organizations, while being a key-player in the EU Institutions for the past 30 years. We hold an outstanding record of 500+ organizations in 70+ countries, that have chosen our solutions and services, to fulfil their business needs. Our team of 3500+ professionals is our driving force and our most valuable asset.Job DescriptionAre you ready to discover the role of a Talent Acquisition Professional in Netcompany-Intrasoft Athens?As a Talent Acquisition Professional, you will join a highly performing and experienced team, devoted in identifying and attracting the best IT talent in Greece, and creating a seamless candidate experience. You will be actively recruiting candidates for diverse technology roles, and you will be given the opportunity to become a valuable asset to the business, by building amazing technology teams. As a Talent Acquisition Professional you will:Be the first point of contact with the candidates, identifying their interests and expertise, communicating company's culture and roles requirements, with the aim to create a unique candidate journey Establish and maintain strong working relationships with management and key cross-functional stakeholders internally (e.g. HR Business Partners, Hiring Managers etc.)Monitor company's ATS (SmartRecruiters) and make sure all data is up-to-dateTake responsibility for writing and publishing detailed & inspiring job descriptions Proactively build effective candidate pipelines using different sourcing channels Think and use out of-the-box sourcing tools and methods Contribute, define, innovate, take out the most of events and employer branding strategies.QualificationsWhat would make you a fit for the role:Degree in HR, Business Administration or IT related fieldMinimum 1-3 years of recruitment experience in a multinational environment, ideally combining both agency and in-house roles, and excelling in fast-paced, high-growth environmentsProven work experience in a talent acquisition/recruitment function within the Technology domainClient-focused and commitment to continuous improvement; ability to proactively network and establish effective working relationships, continually seek new sourcing avenues, and develop creative approaches to delivering candidates to the customerClear understanding and hands on experience with the end to end recruitment lifecycle processesHands-on experience with Applicant Tracking Systems (ATS) and sourcing tools such as LinkedIn. Skilled in online sourcing methods, including social and professional networking platforms (e.g., LinkedIn Recruiter)Proactivity and passion about talent attraction with a strong sense of urgency and the ability to prioritize tasks and manage time effectivelyAbility to work in a team and collaborate effectively with colleaguesExcellent command of the English languageAdditional InformationBeing a part of the Netcompany-Ιntrasoft team, you will be provided with: The opportunity to work in a modern environment & in a hybrid working model A seamless onboarding experience and a buddy to support you on your first stepsA competitive compensation & benefits packageHealth and life insurance programMeal and commuting allowanceWell-being activities (on premises)Continuous learning opportunities using the most modern methods (unlimited access to Udemy Business, ad-hoc trainings)A personalized development plan for targeted career growthIf you are looking forward to be part of a diverse environment, and have the opportunity to work alongside well-experienced professionals, on challenging, large-scale projects that directly impact millions of citizens around the globe, then this is the place to be!By joining Netcompany-Intrasoft Athens, you will be part of a vivid team of 2000+ tech enthusiasts. When at the office you will have the chance to work at our brand-new, state-of-the-art, sustainable offices, located in 3 different spots in Athens!Our cultureOur people are the most important element of our success. Our work life is well defined by our set of fundamental Values: https://bit.ly/3SSbBzU  #BePartOfSomethingGreat!*Please submit your CV in EnglishAll applications will be treated as strictly confidential.We ensure equal opportunities, treatment, and consideration to all candidates. Discrimination based on sex, racial or ethnic origin, religion or belief, disability, age, sexual orientation or marital status, physical or mental disability, or any other factor protected by applicable laws and regulations is prohibited. As part of the Netcompany-Intrasoft culture, we respect human rights and focus on creating a positive workplace, where all employees are valued, and where diversity and inclusion are a vital part of our our everyday working experience.",,Full-time,"Marousi, Greece",EL,,,,2024-09-03,kariera.gr,162669
"['http://data.europa.eu/esco/skill/3bc08c26-2f98-4730-bbb6-ec4a8566e3cf', 'http://data.europa.eu/esco/skill/496932f1-0b6b-4f73-9432-d95c7ddcd43b', 'http://data.europa.eu/esco/skill/651d7458-ff97-4bee-9290-af375c7ff25f', 'http://data.europa.eu/esco/skill/65715f7a-c791-416b-b88a-2933a1c81647', 'http://data.europa.eu/esco/skill/a4346013-a967-4a58-a533-6b32ad1364c5', 'http://data.europa.eu/esco/skill/a8f2a095-9d03-43f0-980d-2b9fcc59a994', 'http://data.europa.eu/esco/skill/be20d05c-f6b4-4580-9fcf-f00f4baab562', 'http://data.europa.eu/esco/skill/f75b740c-b36c-495e-bc67-efe347bbc6b5']","['http://data.europa.eu/esco/occupation/068370e0-9c27-4814-87d0-44fbb3140815', 'http://data.europa.eu/esco/occupation/7843a4c6-a9f6-4095-94b9-45b384d4bd57', 'http://data.europa.eu/esco/occupation/caf7b8fb-b2d6-46b7-bffa-bea7f8e4aed8', 'http://data.europa.eu/esco/occupation/cb4f98c8-6b8d-41d8-87eb-a2a2033a3a25']",1868,,Recruitment Specialist,"Company DescriptionArchirodon, having earned its reputation as a reliable and respected international contractor for more than a half century in the Engineering, Procurement and Construction (EPC) market, continues to create value to its stakeholders by executing complex EPC projects worldwide, in recognition of its superior standards of performance. We are constantly growing and are currently looking for a full of potential and resourceful Recruitment Specialist to join our geographically dispersed Recruitment Team and help build the best possible teams for the business across the globe while based in our Athens Office.Do you have at least four (4) years' recruitment experience working either in an agency or inhouse? Do you want to work with international close-knit teams with adventurous mindset and a proud culture? Join our journey.What you will need to do:As we are growing fast in new countries, you will gain experience on international diverse recruitment projects across the Group, a member of a smart and resourceful team. That said, here are some of the things you will need to do:Manage the full-cycle recruitment process effectively and efficiently as per the Recruitment function's standards, policies and procedures; maintain the highest level of client and candidate satisfaction; aim to raise the quality-of-hire and reduce the time-to-fill; and provide guidance on recruitment market trendsLiaise with relevant functions to hand over for onboarding and monitors progress until the entry dateCollaborate closely with the hiring managers / teams to identify the right recruitment need by determining the job requirements and candidate specifications, define key priorities, timeline, any potential gaps in the job market, share frequent progress updates and solicit feedback on candidates to refine the search processRun job interviews using prescribed tools / frameworks, assesses the candidates' knowledge, experience and soft skills in relation to the recruitment and the company culture and prepare respective assessment reportsIdentify, engage and build a network with active and passive candidates from entry-level to senior-level to cover immediate hiring needs, as well as a supply of candidates on-demand for future needs (Candidate Communities)Maintain and update on a daily basis the online recruitment system / database (i.e. CV, candidate reviews, tagging etc.) and ensure a high degree of data integrity, completeness and accuracyPrepare appropriate Recruitment Reports on a weekly and ad hoc basis to keep track of recruitment progress and metricsPosition Archirodon as an employer of choice in the global marketplace; educate candidates on the culture, growth potential, compensation and benefits of working with us; and participate in recruitment events and job fairs to network in–personSupport a successful, positive, timely and consistent ""hiring experience"" across company, both to Hiring Managers and external candidates, and maintain the highest level of satisfactionWhat you will need to have:You've done full-cycle recruitment for at least four (4) years, working for a recruitment company or inhouse. If you possess technical recruiting experience with engineering degree candidates, even better!You are at least BSc holder; A related BSc degree in engineering to understand the technical side of things is gladly welcomed. On top, if you possess an MSc or equivalent degree in HR, Organizational Psychology, Business studies etc. you have a point in favorYou have experience in working with modern online recruitment systems (e.g., ATS) and sourcing tools (e.g., LinkedIn Recruiter) and you follow the latest recruitment trends and practicesYou are accustomed in approaching passive candidates and building talent pools ahead of demandYou are someone who:is solution-focused; you focus on the solution rather than the problem itself, using rigorous logic and analysisis a self-starter and result-driven; you will work with your manager to iterate on hiring processes, adding automation and efficiency improvements along the way. You don't mind a little ambiguity as we figure it out togetheris resourceful and ownership taker; you are willing to research and follow through any given option to find the answer and are fully accountable to get things done, to both the Hiring Managers and candidatesis a smooth team-player; you show collaborative spirit and care for the people you work withhas a positive attitude and is ready to step in with no ego to help wherever we need it mostprovides a positive and healthy candidate experience; You know that a job search is by nature a challenging project and by sweating the small thing you can provide a more positive experience for everyone involvedis organized and data driven; You are keen in laying out tasks in detail; you go back into data and metrics to set priorities, assess progress, refine tactics for ultimately meeting business expectationsenjoys travelling and working with different cultures; You may be required to travel to meet candidates, Hiring Managers and colleagues located in our country offices around the world ((think MENA countries and Asia to start with)What's in it for you:Competitive salary and benefits are part of the offering, yet the real joy comes from being a member of smart and passionate teams within an international leading EPC group that supports impactful for the local communities' mega infrastructure development projects - literally around the globe - and encompasses a productive and human-centric culture caring for its people and their development!Please note that you will be contacted only in case you are shortlisted for an interview. In the meantime, do not hesitate to stay in touch and keep monitoring our open vacancies and our LinkedIn page! Rest assured that your application will be treated with strict confidentiality and under all applicable data privacy regulations. Please note that you will be contacted only in case you are shortlisted for an interview. In the meantime, do not hesitate to stay in touch and keep monitoring our  open vacancies  and our  LinkedIn  page! Rest assured that your application will be treated with strict confidentiality and under all applicable data privacy regulations.",,Full-time,"Athens, Greece",EL,,,,2024-09-01,kariera.gr,162353
"['http://data.europa.eu/esco/skill/31b67516-af16-4b97-8430-a8a8e0f84190', 'http://data.europa.eu/esco/skill/496932f1-0b6b-4f73-9432-d95c7ddcd43b', 'http://data.europa.eu/esco/skill/6345d3a4-7d1a-40a9-9a82-6ed06beffe7b', 'http://data.europa.eu/esco/skill/65715f7a-c791-416b-b88a-2933a1c81647', 'http://data.europa.eu/esco/skill/a8797f21-1af0-4c5e-98ca-bf1442929363', 'http://data.europa.eu/esco/skill/f206e732-110c-47ce-a53f-f00c9d97c90d']","['http://data.europa.eu/esco/occupation/068370e0-9c27-4814-87d0-44fbb3140815', 'http://data.europa.eu/esco/occupation/7843a4c6-a9f6-4095-94b9-45b384d4bd57', 'http://data.europa.eu/esco/isco/C34', 'http://data.europa.eu/esco/isco/C7543']",2047,,Recruiter,"Medwork, the major pharmacovigilance service provider in Greece, currently seeks to recruit a
                                                                                  Recruiter
                                                                             (Code: Recruiter)
Job Description
We are seeking an experienced Recruiter to join our team on a 4-month fixed-term, part-time basis, or as a freelancer providing recruitment services. The ideal candidate will have a strong background in talent acquisition, particularly in recruiting both managerial and non-managerial personnel.
Main responsibilities

Manage the full recruitment cycle, including sourcing, screening, interviewing, and onboarding.
Collaborate with hiring managers to understand the specific needs for each position.
Utilize structured recruitment processes, including assessment tests and in-depth personal interviews, to ensure the selection of top talent.
Develop and implement creative sourcing strategies to attract candidates from diverse pools, beyond traditional channels. This includes leveraging online job boards, social media platforms, industry-specific networks, and professional associations.
Maintain and manage a robust candidate database to streamline the hiring process.

Requirements

Minimum of 3 years of experience in recruitment, with proven success in hiring for both managerial and non-managerial roles.
Strong understanding of structured hiring processes, including the use of assessment tests and comprehensive interviews.
Proficient in using various recruitment platforms, including but not limited to LinkedIn, online job boards, social media, and industry networks.
Excellent communication and interpersonal skills, with the ability to build strong relationships with candidates and hiring managers.
Highly organized with strong attention to detail and the ability to manage multiple recruitment processes simultaneously.

The company offers

Excellent working environment
Competitive remuneration package

Flexible Engagement
We are open to working with experienced freelancers who can provide recruitment services on a project basis. If you are an independent professional recruiter who offers recruitment as a service, we would be happy to discuss a potential collaboration.
How to Apply
If you meet the above criteria and are excited about the opportunity to make a significant impact on our team, please submit your resume to hr@medwork.gr
All applications will be treated in strict confidentiality.Only suitable candidates will be contacted
 
Με την υποβολή του βιογραφικού σας και τη συμμετοχή σας στην παρούσα διαδικασία αξιολόγησης,  μας παρέχετε την ρητή και θετική συναίνεσή σας για την αποθήκευσή των πληροφοριών (προφορικών και γραπτών) που μας παρέχετε (π.χ. βιογραφικό, συμπληρωματικές πληροφορίες, γραπτών τεστ, κ.α.) και την μελλοντική επεξεργασία των προσωπικών σας δεδομένων για τους σκοπούς της αγγελίας, συμπεριλαμβανομένης της επικοινωνίας μαζί σας. Η αποθήκευση των παρεχόμενων πληροφοριών θα έχει μέγιστη διάρκεια 5 ετών. Σε κάθε περίπτωση, διατηρείτε το δικαίωμα της αίτησης για διαγραφή των παρεχόμενων πληροφοριών πριν την παρέλευση του καθορισμένου χρόνου.",Mid-level,Full-time / Part-time,"Argyroupoli, Greece",EL,,,,2024-08-31,kariera.gr,166624
"['http://data.europa.eu/esco/skill/19a64e91-bfe3-4c48-9225-3bb1229b12f0', 'http://data.europa.eu/esco/skill/3782a625-52c2-46c7-b585-35ba4ddc4a1d', 'http://data.europa.eu/esco/skill/4812a4ea-dc55-4dc6-b9b0-4a59bba2c647', 'http://data.europa.eu/esco/skill/7954861c-86d4-4529-afbb-2c23dab9ac74', 'http://data.europa.eu/esco/skill/a8797f21-1af0-4c5e-98ca-bf1442929363']","['http://data.europa.eu/esco/occupation/c85e39a4-2c40-413f-a171-45907ecdd599', 'http://data.europa.eu/esco/isco/C1212']",3271,,Talent Sourcer - German Department (Recruiter),"Have you just graduated or are you looking to make that 1st step in the recruitment business? Do you speak German?
Keep Reading!
If you see yourself working within a fast-paced environment, full of challenges and development opportunities, then the below position might be what you are looking for.
SpeakIt is a recruitment consulting company, searching for multilingual people around Europe and helping some of the biggest companies worldwide, hire them.
So, if searching for multilingual candidates sounds exciting and challenging, click below, send us your resume, and let's meet each other!
 
In this Talent Sourcer role you will have to:

Interact with potential candidates via phone, social media, and professional networks (eg. LinkedIn) in German or English
Craft and send recruiting emails
Identify qualified candidate profiles using various sourcing techniques (e.g. Boolean search)
Conduct the initial screening of each candidate, to make sure they match the basic requirements
Develop talent pipelines for future hiring needs
Promote our employer brand online and offline
Maintain candidate databases (e.g. via our Applicant Tracking System)
Communicate with past applicants regarding new job opportunities

Requirements
To become the talent sourcer we are looking for you should have:

Self-motivation and goal-oriented mentality 
Strong communication, negotiation, and interpersonal skills
Excellent English skills, both written and spoken 
Fluency in German is required
Hands-on experience with sourcing techniques (e.g. recruiting on social platforms and crafting Boolean search strings), will also be considered an asset
Ability to positively present our company and open roles to potential candidates
Effective time-management abilities
Bachelor in Business, HR, or any other related field

Benefits
If you manage to become the Talent Sourcer we are looking for, then you will have:

Excellent remuneration package
Monthly incentives, associated with bonus
Extra private medical insurance
Company laptop & mobile
Mobile plan
Hybrid working model (2 days from home - 3 days from office)
Extra 2 days off during the year
Early Friday leave during summer months
Great internal opportunities",Entry / Junior,Full-time,"Athens, Greece",EL,,,,2024-08-26,kariera.gr,165147
"['http://data.europa.eu/esco/skill/496932f1-0b6b-4f73-9432-d95c7ddcd43b', 'http://data.europa.eu/esco/skill/677d5144-4c77-4f8d-afc7-116f4bc0e660', 'http://data.europa.eu/esco/skill/9531fe02-1e1f-4a36-95f7-a76a77cd4b8d', 'http://data.europa.eu/esco/skill/b6d14ab8-3441-4cbe-8a0e-5b4f7f994730']","['http://data.europa.eu/esco/occupation/068370e0-9c27-4814-87d0-44fbb3140815', 'http://data.europa.eu/esco/occupation/7843a4c6-a9f6-4095-94b9-45b384d4bd57', 'http://data.europa.eu/esco/occupation/f605bcd2-90b6-45a0-a558-d05016d68a77', 'http://data.europa.eu/esco/occupation/fd1c4e94-25aa-4020-b0ef-0cf5aaf2e4d2', 'http://data.europa.eu/esco/isco/C2']",4135,,Junior Recruitment Consultant,"Would you like to be part of a team focused on transforming an entire industry? At kariera.gr, we have a passion to connect employers with the right talent at the right time. We are focused on bringing speed and efficiency to our clients through cutting-edge technology and services.
The role
The Recruitment Consultant assists employers to identify, select and recruit staff for their vacancies, and help individuals find and gain appropriate employment. The consultant’s role is the vital link between candidates and clients; it involves attracting candidates by uploading job posts and using LinkedIn, screening candidates, interviewing them and selecting suitable professionals to put forward to client companies. Additionally, it requires building relationships with candidates, keeping in touch over the phone and in writing.
Responsibilities:

Publishing job posts
Finding additional advertising resources (Job Branding, direct emails etc)
Sourcing and screening candidates
Head-hunting for professionals of all levels
Interviewing and assessing prospective candidates and matching them with vacancies in client-companies
Drawing up short-lists
Getting to know how client companies operate and understanding their general ‘culture’.
Counselling candidates for their interview with the company
Maintaining the candidates’ database and promoting jobs to new and existing candidates

Requirements:

MSc degree in Human Resources / Business etc. will be considered as a plus
At least 1 year experience in Recruitment agencies or as an in-house Recruiter 
Proven experience in mass recruitment projects will be considered as a plus
Excellent communication skills
Organizational skills
Ability to work within a team
Proactivity
Confidence and results-driven personality

What makes us different:

Fun and friendly environment
Competitive salary, bonus and benefits
Challenging targets
Opportunities for personal and educational development",Entry / Junior,Full-time,"Gerakas, Greece",EL,,,,2024-08-22,kariera.gr,164478
"['http://data.europa.eu/esco/skill/279a4b1d-21df-4d78-9f4d-324c73fd7536', 'http://data.europa.eu/esco/skill/65715f7a-c791-416b-b88a-2933a1c81647', 'http://data.europa.eu/esco/skill/6b305973-8993-475f-bd8a-daf037c61401']","['http://data.europa.eu/esco/occupation/068370e0-9c27-4814-87d0-44fbb3140815', 'http://data.europa.eu/esco/occupation/d3e32e5e-7f24-48e3-b939-e4f800eb62fb', 'http://data.europa.eu/esco/occupation/f605bcd2-90b6-45a0-a558-d05016d68a77', 'http://data.europa.eu/esco/isco/C7513']",40757,,HR Recruiter,"Milkplan S.A headquartered in Thessaloniki, is a market leader in Greece and among top industrial manufacturers of dairy & farming solutions globally. With a 60% of its revenue coming from international sales and exporting activities in more than 100 countries. Proud and trusted partner of major food companies (i.e: Vivartia, Nestle, Olympos, Kri-Kri, Ipeiros, Dodoni) across the globe.
Milkplan is looking for a HR Recruiter to strengthen its HR Department.
In Milkplan, we have a plan - Your growth plan!
Responsibilities:

Delivering full-cycle recruitment from job posting and sourcing to candidate engagement & feedback
Organizing and participating in internal and external recruiting events, including university career fairs
Communicating with educational institutions
Updating Job Profiles and Descriptions
Assisting in designing the induction plan for new hires
Assists in various HR initiatives

Requirements:

BSc/ MSc will be preferred in Human Resources or other relevant field
Proficient in leveraging social media for recruitment
Up to 3 years of experience in HR department
Excellent command of MS Office
Eagerness to learn
Strong organizational and time-management skills

The Company offers:

Transportation from/to Thessaloniki & Kilkis with company bus
Company’s Private Insurance
Opportunities for further development
Continuous training
Friendly and Family first oriented working environment

 
Milkplan is an employer of equal opportunities",Mid-level,Full-time,"Lagkadas, Greece",EL,,,,2024-09-10,kariera.gr,168990
"['http://data.europa.eu/esco/skill/65715f7a-c791-416b-b88a-2933a1c81647', 'http://data.europa.eu/esco/skill/6891bbce-20bf-4afc-bd5e-75bdf54c0165', 'http://data.europa.eu/esco/skill/7e5786f8-1174-4f75-97e3-cfecfd95d797', 'http://data.europa.eu/esco/skill/f683ae1d-cb7c-4aa1-b9fe-205e1bd23535']","['http://data.europa.eu/esco/occupation/068370e0-9c27-4814-87d0-44fbb3140815', 'http://data.europa.eu/esco/occupation/2e46a2a3-4d33-469e-8d50-588cc17e6bed', 'http://data.europa.eu/esco/occupation/9422c30d-c5ef-4fcc-a493-d67ee42189c0']",43126,,Crew Coordinator & Recruiter,"Thalpis Hellas, a top-tier company in crew management and marine services, is looking for a dedicated and professional Crew Coordinator & Recruiter to join our Athens office team.
Key Qualifications:

University Degree in any discipline.
Excellent command of English (both written and spoken).
Proficiency in Microsoft Office applications.
Strong customer service orientation, with a courteous and professional demeanor.

Additional Advantage:

Fluency in Russian or Ukrainian is a plus.

This is an excellent entry-level opportunity for individuals looking to start a career in shipping. If you have a polite, detail-oriented approach to recruitment and are committed to providing exceptional customer service, we invite you to apply.",Entry / Junior,Full-time,"Athens, Greece",EL,,,,2024-09-11,kariera.gr,169174
"['http://data.europa.eu/esco/skill/2a2fa8e8-aaf3-4abf-a60b-af6415f1c6d4', 'http://data.europa.eu/esco/skill/33a82b83-c838-4889-ae62-fae1317481eb', 'http://data.europa.eu/esco/skill/3d427a49-4f85-42cd-8a92-62d4a34f41a1', 'http://data.europa.eu/esco/skill/65715f7a-c791-416b-b88a-2933a1c81647', 'http://data.europa.eu/esco/skill/b78a32fd-e99b-4b65-a01e-4b43b3b90167', 'http://data.europa.eu/esco/skill/d3e9b00a-0891-4fa8-836d-8240ec3d2758', 'http://data.europa.eu/esco/skill/e37d64dc-0f05-4ee8-b065-bf76f70d8f5c', 'http://data.europa.eu/esco/skill/f2d57f41-43b4-4f5b-8100-3df5c21eda50', 'http://data.europa.eu/esco/skill/f683ae1d-cb7c-4aa1-b9fe-205e1bd23535']","['http://data.europa.eu/esco/occupation/068370e0-9c27-4814-87d0-44fbb3140815', 'http://data.europa.eu/esco/occupation/0959cd1d-f6c8-4362-939a-ad7d5f75d659', 'http://data.europa.eu/esco/occupation/1619d7f3-7d95-407c-a20e-47745bfcde73', 'http://data.europa.eu/esco/isco/C4227']",45581,,Junior Recruiter - ALIMOS,"Main duties

Create and publish jobs.
Conduct and organize candidate interviews as needed
Liaising with the retail team to receive guidance from them on open positions
Consistency in role requirements and finding the right candidate 
Collaborate with managers to screen and identify suitable candidates
Complete administrative tasks as required, such as obtaining references from previous employers, obtaining background checks and paperwork such as employment status from applicants
Complete initial telephone screening of candidates
Implement and maintain an effective filing system

Candidate Profile

University/TEI graduate in economics or related field 
Knowledge of managing the Epsilon Net system
Communication ability and flexibility, teamwork spirit


Good knowledge of the English language, excellent knowledge of MS Office
Management with professionalism, confidentiality and discretion of all sensitive information.
Organizational and analytical skills, attention to detail 

Our Company
Pink Woman is one of the leading women's fashion retailers with a clear vision and a strong history of growth. We are dedicated to the professional development of our people and promise a modern and dynamic environment where challenges are daily! We offer a competitive salary and benefits package and advancement in a constantly growing company!
 
INTRAFASHION GROUP A.V.E. as a Data Processor, processes your personal data exclusively to the extent required during the interview and potential recruitment process and has taken all appropriate technical and organizational measures to protect your personal data in accordance with the applicable Greek legislation and the provisions of the General Protection Regulation of Personal Data (EU) 2016/679. The data you disclose to INTRAFASHION GROUP A.B.E.E.   through your application they will be kept for possible future use for a period of twelve months from their receipt for use in future recruitment. In order to fulfill the above-mentioned purposes of processing your personal data, INTRAFASHION GROUP A.B.E.  may disclose or transmit personal data that you have given us to subsidiaries or affiliates of INTRAFASHION GROUP A.B.E.E.  companies. You can at any time with your request to the Personal Data Protection Officer of INTRAFASHION GROUP A.B.E.  (dpo@pinkwoman-fashion.com) to exercise the rights provided for in the Regulation, including the right to information and access, correction, deletion, limitation of processing, portability and the right to object to processing, but also to address the Protection Authority of Personal Data (www.dpa.gr). To learn more about the protection of your personal data, see the INTRAFASHION GROUP SA Privacy Statement.   us at www.pinkwoman-fashion.com",Entry / Junior,Full-time,"Alimos, Greece",EL,,,,2024-09-13,kariera.gr,170058
"['http://data.europa.eu/esco/skill/0f206574-328b-4c71-892b-8d0335ad311f', 'http://data.europa.eu/esco/skill/199f7919-5114-41b6-b6a5-41e0e4896ec1', 'http://data.europa.eu/esco/skill/1a4cc54f-1e53-442b-a6d2-1682dc8ef8f9', 'http://data.europa.eu/esco/skill/2624158e-4a53-4667-8921-96ee7aaea7b3', 'http://data.europa.eu/esco/skill/496932f1-0b6b-4f73-9432-d95c7ddcd43b', 'http://data.europa.eu/esco/skill/4f6e68b2-85c8-446e-a96d-b306ec7e0091', 'http://data.europa.eu/esco/skill/9bf266a6-188b-4d17-a22f-2f266d76832b']","['http://data.europa.eu/esco/occupation/068370e0-9c27-4814-87d0-44fbb3140815', 'http://data.europa.eu/esco/occupation/0ba06640-e0ac-4911-9e43-289a8e41651e', 'http://data.europa.eu/esco/occupation/196a4c75-9591-436f-9677-67252df34c22', 'http://data.europa.eu/esco/occupation/6cd08cbe-7611-4d70-8886-6c59c0385442', 'http://data.europa.eu/esco/occupation/8cb59bc4-1f39-477e-beea-effed12d186c', 'http://data.europa.eu/esco/occupation/fde97584-d8e3-413e-a662-511c9055357e', 'http://data.europa.eu/esco/isco/C13']",45784,,New jobs from Telecroft to staff a customer support department for a large Banking organization.,"New jobs from Telecroft to staff customer support department for large Banking organization.  
 
Basic Duties & Responsibilities

Customer service via phone, email or online chat
Understanding the customer's specialized needs and promoting optimal solutions
Informing existing customers about banking products and services
Handling customer complaints and resolving issues
Providing technical support for digital technology products and services

Training & Professional Experience

High school diploma
Developed communication skills & customer-centric perception
Excellent use of the spoken language
Excellent communication skills and teamwork spirit
Willingness to learn, sense of responsibility and orientation to results  Excellent use of Greek and good use of English  Use of a PC in a Windows environment (MS Office).
Sense of responsibility when handling sensitive information

Abilities & Skills

Ability to work in rotating shifts with five-day employment Monday-Sunday
Communication skills
Organization & time management
Confidentiality & accountability
Professionalism & consistency

Our Company provides you with:

Fixed monthly income of €900 and extra performance rally
Development prospects
Immediate Recruitment
Full time employment
Ongoing support and training
Easy access to the facilities with all MMM (near Metro and Tram station)

 Contact information: Gianna Vassilaki, Hr Recruiter| 2111073932, +30 6936129453 Email: info@telecroft.gr | www. Telecroft.gr | Ekataiou 95, 11743 Neos Kosmos",Mid-level,Full-time,"Athens, Greece",EL,,,,2024-09-13,kariera.gr,169813
"['http://data.europa.eu/esco/skill/496932f1-0b6b-4f73-9432-d95c7ddcd43b', 'http://data.europa.eu/esco/skill/65715f7a-c791-416b-b88a-2933a1c81647', 'http://data.europa.eu/esco/skill/798d427e-51b3-4cd4-8b24-1357015e9ae7', 'http://data.europa.eu/esco/skill/91abe492-18be-4cce-93c7-0dca07072363', 'http://data.europa.eu/esco/skill/bda0d115-f315-453e-99dc-f8b0e5862db3']","['http://data.europa.eu/esco/occupation/068370e0-9c27-4814-87d0-44fbb3140815', 'http://data.europa.eu/esco/occupation/7843a4c6-a9f6-4095-94b9-45b384d4bd57']",50805,,Resourcing Consultant,"Company Overview:
Kariera Group is a leading multinational company specializing in HR services, operating across eight countries. We are committed to providing comprehensive HR solutions to our clients, ensuring efficiency, compliance, and employee satisfaction. As part of our dynamic team, you will have the opportunity to contribute to the success of our global operations and make a tangible impact in the field of human resources.
Position Overview:
The Resource Consultant assists Senior Recruiter and Head of Recruitment Services  to identify, select and recruit staff for Kariera Group Recruitment Services Energy Client’s Projects. 
The Resourcing Consultant role is the vital link between Candidates and clients it involves attracting candidates by uploading job posts and using LinkedIn, screening candidates, interviewing them and selecting suitable professionals to put forward to client companies. Additionally, it requires building relationships with candidates, keeping in touch over the phone and in writing.
Responsibilities & Goals:

Proactively source candidates across various media platforms including but not limited to; OGJS Platform, LinkedIn & various social media platforms.
Manage the Job postings for all Project making sure all active projects are posted and live on all out platforms.
Initiate and manage candidate relationships, predominantly over the telephone, understanding their requirements and needs.
Complete pre-screening exercises to ensure applicants are appropriate for their role.
Maintain and oversee our speculative ATS pool and Talent Pipelines .
Oversee the recruitment inbox and respond to general queries from candidates.
Work towards set targets, deadlines, and Key Performance Indicators (KPIs).
Work collaboratively with the Senior Recruitment Consultants and Head of Recruitment Services to ensure a seamless process.

Qualifications:

BSc degree in Human Resources / Business etc. will be considered as a plus.
Excellent command of English and strong communication skills.
Minimum of 6 months experience in resourcing.
Ability to work effectively within a team.
Proactive attitude.
Confidence and results-driven personality.",Entry / Junior,Full-time,"Gerakas, Greece",EL,,,,2024-09-16,kariera.gr,170306
"['http://data.europa.eu/esco/skill/496932f1-0b6b-4f73-9432-d95c7ddcd43b', 'http://data.europa.eu/esco/skill/65715f7a-c791-416b-b88a-2933a1c81647', 'http://data.europa.eu/esco/skill/798d427e-51b3-4cd4-8b24-1357015e9ae7', 'http://data.europa.eu/esco/skill/91abe492-18be-4cce-93c7-0dca07072363', 'http://data.europa.eu/esco/skill/bda0d115-f315-453e-99dc-f8b0e5862db3']","['http://data.europa.eu/esco/occupation/068370e0-9c27-4814-87d0-44fbb3140815', 'http://data.europa.eu/esco/occupation/7843a4c6-a9f6-4095-94b9-45b384d4bd57']",50806,,Resourcing Consultant,"Company Overview:
Kariera Group is a leading multinational company specializing in HR services, operating across eight countries. We are committed to providing comprehensive HR solutions to our clients, ensuring efficiency, compliance, and employee satisfaction. As part of our dynamic team, you will have the opportunity to contribute to the success of our global operations and make a tangible impact in the field of human resources.
Position Overview:
The Resource Consultant assists Senior Recruiter and Head of Recruitment Services  to identify, select and recruit staff for Kariera Group Recruitment Services Energy Client’s Projects. 
The Resourcing Consultant role is the vital link between Candidates and clients it involves attracting candidates by uploading job posts and using LinkedIn, screening candidates, interviewing them and selecting suitable professionals to put forward to client companies. Additionally, it requires building relationships with candidates, keeping in touch over the phone and in writing.
Responsibilities & Goals:

Proactively source candidates across various media platforms including but not limited to; OGJS Platform, LinkedIn & various social media platforms.
Manage the Job postings for all Project making sure all active projects are posted and live on all out platforms.
Initiate and manage candidate relationships, predominantly over the telephone, understanding their requirements and needs.
Complete pre-screening exercises to ensure applicants are appropriate for their role.
Maintain and oversee our speculative ATS pool and Talent Pipelines .
Oversee the recruitment inbox and respond to general queries from candidates.
Work towards set targets, deadlines, and Key Performance Indicators (KPIs).
Work collaboratively with the Senior Recruitment Consultants and Head of Recruitment Services to ensure a seamless process.

Qualifications:

BSc degree in Human Resources / Business etc. will be considered as a plus.
Excellent command of English and strong communication skills.
Minimum of 6 months experience in resourcing.
Ability to work effectively within a team.
Proactive attitude.
Confidence and results-driven personality.",Entry / Junior,Full-time,"Gerakas, Greece",EL,,,,2024-09-16,kariera.gr,170303
"['http://data.europa.eu/esco/skill/496932f1-0b6b-4f73-9432-d95c7ddcd43b', 'http://data.europa.eu/esco/skill/65715f7a-c791-416b-b88a-2933a1c81647', 'http://data.europa.eu/esco/skill/798d427e-51b3-4cd4-8b24-1357015e9ae7', 'http://data.europa.eu/esco/skill/91abe492-18be-4cce-93c7-0dca07072363', 'http://data.europa.eu/esco/skill/bda0d115-f315-453e-99dc-f8b0e5862db3', 'http://data.europa.eu/esco/skill/f206e732-110c-47ce-a53f-f00c9d97c90d']","['http://data.europa.eu/esco/occupation/068370e0-9c27-4814-87d0-44fbb3140815', 'http://data.europa.eu/esco/occupation/7843a4c6-a9f6-4095-94b9-45b384d4bd57', 'http://data.europa.eu/esco/occupation/a6e8a6bf-9209-4d19-a131-a8b6431e0f75']",51943,,Talent Sourcer,"Company Overview:
Kariera Group is a leading multinational company specializing in HR services, operating across eight countries. We are committed to providing comprehensive HR solutions to our clients, ensuring efficiency, compliance, and employee satisfaction. As part of our dynamic team, you will have the opportunity to contribute to the success of our global operations and make a tangible impact in the field of human resources.
Position Overview:
The Talent Sourcer assists Senior Recruiter and Head of Recruitment Services  to identify, select and recruit staff for Kariera Group Recruitment Services Energy Client’s Projects. 
The Talent Sourcer role is the vital link between Candidates and clients it involves attracting candidates by uploading job posts and using LinkedIn, screening candidates, interviewing them and selecting suitable professionals to put forward to client companies. Additionally, it requires building relationships with candidates, keeping in touch over the phone and in writing.
Responsibilities & Goals:

Proactively source candidates across various media platforms including but not limited to; OGJS Platform, LinkedIn & various social media platforms.
Manage the Job postings for all Project making sure all active projects are posted and live on all out platforms.
Initiate and manage candidate relationships, predominantly over the telephone, understanding their requirements and needs.
Complete pre-screening exercises to ensure applicants are appropriate for their role.
Maintain and oversee our speculative ATS pool and Talent Pipelines .
Oversee the recruitment inbox and respond to general queries from candidates.
Work towards set targets, deadlines, and Key Performance Indicators (KPIs).
Work collaboratively with the Senior Recruitment Consultants and Head of Recruitment Services to ensure a seamless process.

Qualifications:

BSc degree in Human Resources / Business etc. will be considered as a plus.
Excellent command of English and strong communication skills.
Minimum of 6 months experience in resourcing.
Ability to work effectively within a team.
Proactive attitude.
Confidence and results-driven personality.",Entry / Junior,Full-time,"Gerakas, Greece",EL,,,,2024-09-17,kariera.gr,170487
"['http://data.europa.eu/esco/skill/496932f1-0b6b-4f73-9432-d95c7ddcd43b', 'http://data.europa.eu/esco/skill/a8797f21-1af0-4c5e-98ca-bf1442929363', 'http://data.europa.eu/esco/skill/d62d2b4c-a6f8-439e-8a1b-4f29ab5f2c47', 'http://data.europa.eu/esco/skill/f08e2bd6-0366-4948-a670-1f03f130126f']",['http://data.europa.eu/esco/occupation/068370e0-9c27-4814-87d0-44fbb3140815'],53926,,German Recruiter,"Hemmersbach provides IT infrastructure services in more than 190 countries with 50 own subsidiaries. We deliver exclusively for the leading companies in the IT industry. We go the extra mile – we not only simply enthuse our customers, but also make the world a better place: 20% of our profits go into our Direct Actions Hemmersbach Rhino Force, Hemmersbach Kids’ Family and Hemmersbach Climate Force. That’s why Hemmersbach is The Social Purpose IT Company.
Role
With a lot of passion we support Hemmerbsach to grow and provide WOW effects. Now we are looking for reinforcement for our recruiting team in Athens. If you are looking for a responsible role in Performance Recruiting and like to contribute your own ideas, we are looking forward to your recruiting power.

You are the consulting contact person for our colleagues and work closely together with different departments at Hemmersbach.
You take over the complete in-house recruiting process from end-to-end for positions in the IT and commercial environment - from the advertisement, through the pre-qualification, to the interviews and the final employment.
You work closely with the hiring manager in setting expectations and offering full HR support of high value, for the decision making process.
You accompany the new employees throughout the entire recruitment process.
The active sourcing, identification and direct approach of suitable candidates via various portals is part of our daily business.
Together with the team you support further development of recruiting strategies and the implementation of new ideas in order to optimize the performance.

Requirements

First professional experience in recruiting (preferably in the German market).
German level at least C1 and good English level.
Knowledge of applicant tracking systems and KPI measures.
Strong communication and interpersonal skills.
Hands-On and can-do mentality.

Benefits

Buddy program.
Internal career development.
International environment.
Job with purpose.
Mobile working.
Staff discounts.
Unlimited employment contract.
Private Life and Health Insurance.

Joining Hemmersbach, you will support our commitment to social responsibility. We prioritize 20% of our profits into our company owned organizations such as: 

Rhino-force.org: providing environmental protection for an endangered species
Kids-family.org: taking care of children without parents in Poland and India, turning their shelters into homes.

Join our Team! Apply now and send us your CV IN ENGLISH!",Entry / Junior,Full-time,"Athens, Greece",EL,,,,2024-09-19,kariera.gr,171145
"['http://data.europa.eu/esco/skill/11cbcf7f-8dc3-4c9a-9ec1-37f51b5cbc19', 'http://data.europa.eu/esco/skill/496932f1-0b6b-4f73-9432-d95c7ddcd43b', 'http://data.europa.eu/esco/skill/4f6e68b2-85c8-446e-a96d-b306ec7e0091', 'http://data.europa.eu/esco/skill/cf310cff-0d28-4dbc-9dbb-cc500a3196c2']","['http://data.europa.eu/esco/occupation/068370e0-9c27-4814-87d0-44fbb3140815', 'http://data.europa.eu/esco/occupation/0959cd1d-f6c8-4362-939a-ad7d5f75d659', 'http://data.europa.eu/esco/occupation/0ba06640-e0ac-4911-9e43-289a8e41651e', 'http://data.europa.eu/esco/isco/C13']",57164,,New jobs from Telecroft to staff a Credit Control Officer department.,"Basic Duties & Responsibilities

Support work in the Credit Department (insurance, international trade)
Verification of supporting documents for the granting of loans - cards
Compilation of reports and letters of guarantee

 
Training & Professional Experience

University graduates (Ideally in Economics)
Previous experience in a similar position is desirable, ideally in the banking industry
Basic knowledge of the English language and knowledge of MS Office applications
Excellent communication skills, methodical and organized


Excellent use of the spoken language
Sense of responsibility when handling sensitive information

Our Company provides you with:

High fixed monthly income
Fixed five-day, 8-hour employment
Development prospects
Immediate Recruitment
Ongoing support and training

 
Contact information: Gianna Vassilaki, Hr Recruiter| 2111073932, +30 6936129453 Email: info@telecroft.gr | www. Telecroft.gr | Ekataiou 95, 11743 Neos Kosmos",Mid-level,Full-time,"Athens, Greece",EL,,,,2024-09-24,kariera.gr,171958
"['http://data.europa.eu/esco/skill/29a50780-f81b-429c-b410-7f23a492e19d', 'http://data.europa.eu/esco/skill/2a0efd9a-4a60-4edc-8561-f2754d24eeb8', 'http://data.europa.eu/esco/skill/550e2d00-bd89-4614-8e15-330ae5277af3', 'http://data.europa.eu/esco/skill/65715f7a-c791-416b-b88a-2933a1c81647', 'http://data.europa.eu/esco/skill/66d47084-9437-48b2-819b-c4c8214ed650', 'http://data.europa.eu/esco/skill/7629db63-5922-42fa-8c80-9575526f7326', 'http://data.europa.eu/esco/skill/b1ef509e-f191-405a-8419-51663b08922e', 'http://data.europa.eu/esco/skill/c28553f4-1745-401a-82b3-7ce8460bed33', 'http://data.europa.eu/esco/skill/d80f7a28-1e75-4247-9104-de8e5f909f0a', 'http://data.europa.eu/esco/skill/de2f0ce8-f8d6-48c5-a213-4d065251cecf', 'http://data.europa.eu/esco/skill/e437eba1-3e22-41f2-8703-741e94785cba', 'http://data.europa.eu/esco/skill/ed3f3dba-3a35-4ed5-b113-67f4d10ef4c8']","['http://data.europa.eu/esco/occupation/068370e0-9c27-4814-87d0-44fbb3140815', 'http://data.europa.eu/esco/occupation/13d1b2b4-99dd-44da-9734-c9f74bae18f7', 'http://data.europa.eu/esco/occupation/20786e6d-36f0-4d1e-b033-05101fa71f3c', 'http://data.europa.eu/esco/occupation/99492920-e5a5-4dba-9e5a-93193147198c', 'http://data.europa.eu/esco/occupation/f605bcd2-90b6-45a0-a558-d05016d68a77', 'http://data.europa.eu/esco/isco/C143']",57199,,HR Recruiter - ICAP Contact Center,"ICAP OUTSOURCING SOLUTIONS is one of the leading business to business services provider in Greece with more than 55 years of successful operation. Our services are divided into four major categories of activity: Outsourcing and HR services, Customer Service and Promotion of Products and Services by telephone and alternative communication channels, Consulting Services for Selection, Training and Development of Human Resources and B2B Claims Information and Management Services.
ICAP Contact Center is a member of ICAP OUTSOURCING SOLUTIONS. Its high-level customer care knowledge is incorporated to the ICAP Contact Center’s procedures and methodology and is offered in a value-added format to ICAP Contact Center’s customers.
ICAP Contact Center is dedicated to providing high level contact center services as an outsourcing services provider to the largest organizations in Greece, having established successful long-term cooperations through achieving its customers’ goals and preserving win-to-win relationships.
We are looking for a highly motivated and experienced Hr Recruiter to join our team. 
Responsibilities:

Handle end to end process of Mass Recruitment projects
Conduct interview sessions 
Develop and implement sourcing strategies
Attract suitable candidates through databases, online platforms, social media, etc.
Assess applicants' knowledge, skills, and experience to best suit positions
Promote company's reputation and attractiveness as a top employment opportunity
Secure candidate experience
Provide recruitment reports to line managers

Qualifications:

BSc in Human Resources Management, Organizational Psychology, or Economics relevant field
Proven work experience as an HR Recruiter 
Experience with sourcing techniques
Time management skills
Solid verbal and written communication skills both in Greek and English language
Excellent listening skills
Strong networking and relationship-building skills

The Company offers:

Standard remuneration package
Private insurance scheme
Hybrid working scheme
Bonus scheme
Dynamic working environment with opportunities of professional growth

All information received will be treated with strict confidentiality",Mid-level,Full-time,"Kallithea, Greece",EL,,,,2024-09-24,kariera.gr,171923
"['http://data.europa.eu/esco/skill/477579e7-e0ca-4cc5-8712-17b78d0d8d2a', 'http://data.europa.eu/esco/skill/49de9958-2aa4-4eef-a89d-fe5d5bcd28c4', 'http://data.europa.eu/esco/skill/65715f7a-c791-416b-b88a-2933a1c81647', 'http://data.europa.eu/esco/skill/e37d64dc-0f05-4ee8-b065-bf76f70d8f5c', 'http://data.europa.eu/esco/skill/fc4fcb4b-993f-4f2c-b158-c2171ec18ed8']","['http://data.europa.eu/esco/occupation/068370e0-9c27-4814-87d0-44fbb3140815', 'http://data.europa.eu/esco/occupation/7843a4c6-a9f6-4095-94b9-45b384d4bd57', 'http://data.europa.eu/esco/occupation/874a2080-a9b6-46a9-8662-c9b7d4208f73']",57227,,HR Recruiter,"Basic Competencies

Managing the entire process of attracting and finding the right candidates, from posting ads to conducting interviews.
Participation in actions to promote the profile of the employer to attract top talent (employer branding) and communication with educational institutions
Designing and updating job descriptions
Flexibility in the use of online channels and professional platforms
Track key HR metrics such as time to fill (time taken to hire from the date the need was created)
Build and maintain relationships with candidates

 
Necessary qualifications:

University/Technical Degree in Business Administration/Finance/Human Resources Management.
2-4 years of relevant work experience.
Knowledge of recruitment and training processes.
Excellent communication and interpersonal skills.
Excellent organizational, time management and initiative skills. 
Flexibility and adaptability.
Confidentiality",Mid-level,Full-time,"Filothei, Greece",EL,,,,2024-09-23,kariera.gr,171882
"['http://data.europa.eu/esco/skill/65715f7a-c791-416b-b88a-2933a1c81647', 'http://data.europa.eu/esco/skill/6d3edede-8951-4621-a835-e04323300fa0', 'http://data.europa.eu/esco/skill/9531fe02-1e1f-4a36-95f7-a76a77cd4b8d', 'http://data.europa.eu/esco/skill/a8797f21-1af0-4c5e-98ca-bf1442929363', 'http://data.europa.eu/esco/skill/a8d24a95-47b3-4f88-92e7-06600bcd3612']","['http://data.europa.eu/esco/occupation/068370e0-9c27-4814-87d0-44fbb3140815', 'http://data.europa.eu/esco/occupation/c85e39a4-2c40-413f-a171-45907ecdd599', 'http://data.europa.eu/esco/occupation/f4e3dd1c-f86b-4a69-8887-547255eadc79', 'http://data.europa.eu/esco/occupation/f605bcd2-90b6-45a0-a558-d05016d68a77', 'http://data.europa.eu/esco/isco/C1212']",59479,,Junior Recruiter,"If you have:

Proven experience in recruitment or HR
Exceptional communication and interpersonal skills
Fluency in English (fluency in German would be considered a strong asset)

Apply below and let's have a conversation about your future with us
 
Responsibilities
The HR Recruiter we are looking for, will be responsible for:

Sourcing candidates for our client’s positions
Effectively screening & interviewing potential candidates
Providing candidates with all relevant information on both, roles and clients
Submitting relevant applicants by presenting their CVs, together with an evaluation of their profile to our clients
Successfully matching jobs to candidates, evaluating job descriptions and requirements
Posting relevant adverts to attract top talent
Performing database searches as well as other CV sources
Managing the whole recruitment process
Coordinating interview schedules between clients and candidates
Providing timely feedback to candidates and clients throughout the recruitment process
Establishing and maintaining strong relationships with clients to understand their staffing needs, culture, and business objectives
Attending the company’s ongoing training to ensure top performance
Reporting to the Recruitment Supervisor, working within a defined team
Contributing positively to the company’s culture and working environm

Requirements
To be selected as an HR Recruiter you must have the following requirements:

Bachelor's degree in Human Resources, Business Administration, or a related field (or equivalent work experience)
Proven work experience as a Recruitment Specialist, Recruiter, Talent Sourcer, or similar role
Knowledge of the end-to-end recruitment process and best practices
Familiarity with applicant tracking systems and recruitment software
Strong sourcing skills and proficiency in using various recruitment platforms
Excellent communication and interpersonal skills
Proficient level of English
Fluency in German would be considered a strong asset
Ability to work well in a fast-paced environment and manage multiple priorities
Detail-oriented with exceptional organizational skills
Good team player, fast learner, positive attitude
Demonstrated ability to assess candidate qualifications and cultural fit effectively

Benefits
If you become an HR Recruiter you will have the benefits below:

Hybrid working model
Competitive salary
Bonuses and incentives: Performance-based commissions based on individual and team achievements.
Professional development: Support for ongoing learning and skill development
Career Growth Opportunities: Clear pathways for career advancement and internal promotions within the company
Work environment: A positive and inclusive work culture, collaborative teams, and a supportive management style
Private health insurance
Company laptop + mobile phone",Entry / Junior,Full-time,"Athens, Greece",EL,,,,2024-09-25,kariera.gr,172581
"['http://data.europa.eu/esco/skill/477579e7-e0ca-4cc5-8712-17b78d0d8d2a', 'http://data.europa.eu/esco/skill/49de9958-2aa4-4eef-a89d-fe5d5bcd28c4', 'http://data.europa.eu/esco/skill/65715f7a-c791-416b-b88a-2933a1c81647', 'http://data.europa.eu/esco/skill/e37d64dc-0f05-4ee8-b065-bf76f70d8f5c', 'http://data.europa.eu/esco/skill/fc4fcb4b-993f-4f2c-b158-c2171ec18ed8']","['http://data.europa.eu/esco/occupation/068370e0-9c27-4814-87d0-44fbb3140815', 'http://data.europa.eu/esco/occupation/7843a4c6-a9f6-4095-94b9-45b384d4bd57', 'http://data.europa.eu/esco/occupation/874a2080-a9b6-46a9-8662-c9b7d4208f73']",59525,,HR Recruiter (Thessaloniki),"Basic Competencies

Managing the entire process of attracting and finding the right candidates, from posting ads to conducting interviews.
Participation in actions to promote the profile of the employer to attract top talent (employer branding) and communication with educational institutions
Designing and updating job descriptions
Flexibility in the use of online channels and professional platforms
Track key HR metrics such as time to fill (time taken to hire from the date the need was created)
Build and maintain relationships with candidates

 
Necessary qualifications:

University/Technical Degree in Business Administration/Finance/Human Resources Management.
1-2 years of relevant work experience.
Knowledge of recruitment and training processes.
Excellent communication and interpersonal skills.
Excellent organizational, time management and initiative skills. 
Flexibility and adaptability.
Confidentiality",Entry / Junior,Full-time,"Thessaloniki, Greece",EL,,,,2024-09-25,kariera.gr,172526
"['http://data.europa.eu/esco/skill/0b144726-21c2-46ed-8d13-c03d27f61604', 'http://data.europa.eu/esco/skill/0f0698e7-04e4-4bf7-9af2-e3191147525a', 'http://data.europa.eu/esco/skill/199f7919-5114-41b6-b6a5-41e0e4896ec1', 'http://data.europa.eu/esco/skill/496932f1-0b6b-4f73-9432-d95c7ddcd43b', 'http://data.europa.eu/esco/skill/633a3637-2c6b-40ae-ac38-289eb2a62aa6', 'http://data.europa.eu/esco/skill/65715f7a-c791-416b-b88a-2933a1c81647', 'http://data.europa.eu/esco/skill/91abe492-18be-4cce-93c7-0dca07072363', 'http://data.europa.eu/esco/skill/c29aa9d2-4da8-4bdd-831c-8d4a2fb51730', 'http://data.europa.eu/esco/skill/d56e2c2f-3e01-4b76-a7bb-ecb6d430172f', 'http://data.europa.eu/esco/skill/f683ae1d-cb7c-4aa1-b9fe-205e1bd23535', 'http://data.europa.eu/esco/skill/f75b740c-b36c-495e-bc67-efe347bbc6b5']","['http://data.europa.eu/esco/occupation/068370e0-9c27-4814-87d0-44fbb3140815', 'http://data.europa.eu/esco/occupation/12ff7f9c-c5b5-4d4a-b585-c350dd1400eb', 'http://data.europa.eu/esco/occupation/a6e8a6bf-9209-4d19-a131-a8b6431e0f75', 'http://data.europa.eu/esco/occupation/caf7b8fb-b2d6-46b7-bffa-bea7f8e4aed8', 'http://data.europa.eu/esco/isco/C13', 'http://data.europa.eu/esco/isco/C5153']",59793,,Senior Recruitment Specialist,"Do you excel at identifying top talent, according to company’s needs?Do you have a proven track record in managing full-cycle recruitment processes?
ManpowerGroup Greece, on behalf of our client, a multinational construction company specialized in the EPC market, executing complex projects worldwide, is looking for a Senior Recruitment Specialist.
 
📌 Location: Athens, Greece
📍 Working Model: On-Site
🖋️You will be reporting to: Recruitment Supervisor
 
Duties/Responsibilities:
The successful candidate will enhance the existing international recruitment team by managing the full recruitment cycle as per Company’s policies and HR function’s standards.
 
More specifically:

Manage the full- cycle recruitment process effectively and efficiently as per the Recruitment function’s standards, policies and procedures while providing guidance on recruitment market trends.
Collaborate closely with the hiring managers/teams to identify the right recruitment need by determining the job requirements and candidate specifications, define key priorities, timeline, any potential gaps in the job market.
Handle managerial positions both at corporate and at site level.
Manage recruitment agencies and handling contracts with recruitment service providers.
Source, engage and build a network with active and passive candidates of high seniority to cover immediate hiring needs, as well as supply of candidates on-demand for future needs (Candidate Communities).
Participate actively in global projects focused on enhancing the recruitment infrastructure and optimizing processes.
Perform any other related duties as assigned.

 
Requirements:

University degree in HR, Organizational Psychology, Business studies.
MBA or HRM would be considered a plus.
5- 7 years of experience as a Recruiter either as a consultant or in- house; the combination of both would be ideal. Construction/Engineering Recruitment will be considered an asset.
Previous experience in a multinational environment is highly welcomed.
Experience in working with modern online recruitment systems (ATS) and sourcing tools (e.g. LinkedIn Recruiter) and following the latest recruitment trends and practices.

 
Soft Skills/ Competencies:

Ability to work successfully and productively in a team environment or independently and deal with multi-tasks effectively.
Effective and structured communication; Excellent interpersonal skills.
Strong drive for results and ability to meet deadlines.
High sense of ownership and responsibility.
Solution focused thinking.
Strong attention to detail.

 
IT/Language Skills:

Advanced knowledge of MS Office
Excellent in written and spoken English.

 
Benefits

Competitive remuneration package
Work in a dynamic and international environment
Collaborative and supportive team culture
Participation in innovative and impactful projects",Senior,Full-time,"Athens, Greece",EL,,,,2024-09-24,kariera.gr,172184
"['http://data.europa.eu/esco/skill/36359101-4488-4859-83a8-9600d9faf3f2', 'http://data.europa.eu/esco/skill/496932f1-0b6b-4f73-9432-d95c7ddcd43b', 'http://data.europa.eu/esco/skill/65715f7a-c791-416b-b88a-2933a1c81647', 'http://data.europa.eu/esco/skill/6f571969-3640-4774-a9bc-fd2ef583fdec', 'http://data.europa.eu/esco/skill/9cfd8148-f8cb-4512-914a-cfbc0ed3dfbb', 'http://data.europa.eu/esco/skill/ecc18804-a466-40d9-98b4-fba5cd67dd4b']","['http://data.europa.eu/esco/occupation/068370e0-9c27-4814-87d0-44fbb3140815', 'http://data.europa.eu/esco/occupation/45f8504d-24ac-4bcd-8692-a93acc74204c', 'http://data.europa.eu/esco/occupation/53cdd34e-22f2-41bd-b3c7-de22bf9bbcae', 'http://data.europa.eu/esco/occupation/7843a4c6-a9f6-4095-94b9-45b384d4bd57', 'http://data.europa.eu/esco/occupation/cd7b838c-51f6-41ec-9067-bb974c0f991b', 'http://data.europa.eu/esco/occupation/d3e32e5e-7f24-48e3-b939-e4f800eb62fb', 'http://data.europa.eu/esco/occupation/fd1c4e94-25aa-4020-b0ef-0cf5aaf2e4d2', 'http://data.europa.eu/esco/isco/C1212', 'http://data.europa.eu/esco/isco/C1411', 'http://data.europa.eu/esco/isco/C3313']",64204,,HR Recruiter,"H Hotels Collection | Hatzilazarou Group one of the leading & constantly growing groups in Greece, operating in the hospitality industry for 31 years, is offering new positions for its hotel
HR Recruiter 
Location: Lardos, South Rhodes
Type of Employment: Full Time – Indefinite Term Contract
Ref: HH/HRR
What to expect 
The ideal candidate will be responsible for efficiently and effectively filling open positions by developing local and national recruiting plans, utilizing both traditional sourcing strategies and innovative, creative recruiting ideas.
Primary responsibilities:

Develop, implement, and refine recruitment strategies.
Network through hotel contacts, association memberships, social media, and employees.
Manage the entire recruitment cycle including sourcing, screening, interviewing, and hiring.
Collaborate with department heads to understand staffing needs and ensure a steady pipeline of qualified candidates.
Develop a pool of qualified candidates in advance of need.
Ensure compliance with labor laws and internal policies.
Maintain accurate recruitment records and reporting.

 
Necessary qualifications & skills:

Bachelor’s degree in HR, business, management, accounting.
Computer literacy with excellence in social media and recruiting platforms.
Experience in recruitment, sourcing, and candidate evaluation.
Knowledge of HR policies, labor laws, and recruitment best practices.
Ability to work independently and collaboratively in a team environment.
Strong communication skills with managers, employees, and potential job candidates.
 

Within the scope of the above position, the company offers:

Competitive compensation package.
Accommodation option.
Prospects for career advancement in an ever-growing group.
Continuous training in line with the company’s standards & dynamic development.
Excellent working environment in a company that cares about its employees, the environment & local communities.

All submitted applications & information will be treated strictly confidential.
H Hotels Collection - Unique hotels in Rhodes",Mid-level,Full-time,"Lindos, Greece",EL,,,,2024-09-30,kariera.gr,173270
"['http://data.europa.eu/esco/skill/279a4b1d-21df-4d78-9f4d-324c73fd7536', 'http://data.europa.eu/esco/skill/496932f1-0b6b-4f73-9432-d95c7ddcd43b', 'http://data.europa.eu/esco/skill/4d313147-b39d-413f-a5e2-b12d5f0dc9e6', 'http://data.europa.eu/esco/skill/65715f7a-c791-416b-b88a-2933a1c81647', 'http://data.europa.eu/esco/skill/7ee9fb56-91b1-4363-b51f-ea54ae1b5761', 'http://data.europa.eu/esco/skill/8881a9c2-bd07-4954-bf27-c1f8acca9af0', 'http://data.europa.eu/esco/skill/8d4271ca-c9fd-40b3-875f-15f78332a49e', 'http://data.europa.eu/esco/skill/97bd1c21-66b2-4b7e-ad0f-e3cda590e378', 'http://data.europa.eu/esco/skill/9a42bdc6-8496-4874-b9f5-b48207a85282', 'http://data.europa.eu/esco/skill/9d9ba780-4aa2-43d2-888c-95a41a713fb9', 'http://data.europa.eu/esco/skill/a8797f21-1af0-4c5e-98ca-bf1442929363', 'http://data.europa.eu/esco/skill/b3d9442d-1fb8-46cd-a947-154a42221f28', 'http://data.europa.eu/esco/skill/f206e732-110c-47ce-a53f-f00c9d97c90d', 'http://data.europa.eu/esco/skill/f683ae1d-cb7c-4aa1-b9fe-205e1bd23535', 'http://data.europa.eu/esco/skill/fc4fcb4b-993f-4f2c-b158-c2171ec18ed8', 'http://data.europa.eu/esco/skill/fef5a450-6230-4a34-b3e3-764252dbdcec']","['http://data.europa.eu/esco/occupation/056f1849-7ff8-4d6f-9b8a-176a610bba44', 'http://data.europa.eu/esco/occupation/068370e0-9c27-4814-87d0-44fbb3140815', 'http://data.europa.eu/esco/occupation/11df8941-508c-4103-ad40-52cdf9430a59', 'http://data.europa.eu/esco/occupation/234be692-befb-41df-bdf0-e1b2f4eaf5e7', 'http://data.europa.eu/esco/occupation/874a2080-a9b6-46a9-8662-c9b7d4208f73', 'http://data.europa.eu/esco/occupation/d3e32e5e-7f24-48e3-b939-e4f800eb62fb', 'http://data.europa.eu/esco/occupation/f605bcd2-90b6-45a0-a558-d05016d68a77', 'http://data.europa.eu/esco/isco/C4227']",65374,,Recruitment Specialist,"Job Description
Recruitment Specialist
Reports to Country HR Director
 
Job Summary
 
Responsible for designing and or implementing programs and activities associated with Recruitment, Performance Management, Reporting, and Succession related to human resources programs and activities on a local or a global basis. Reports directly to the Country HR Director and assists him in all aspects in relation to Succession plans.
 
Key Accountabilities
 
Oversee the recruitment and selection process for the country, ensuring high-quality orientation programs for new hires.
Collaborate with the L&D specialist to ensure a seamless onboarding process for new employees.
Manage the employee exit interview process, conducting interviews, analyzing data, and making actionable recommendations based on findings.
Attract talent and organize job postings for Hellenic Duty Free Shops, Hellenic Distributions, and Autogrill. Utilize LinkedIn, Indeed, Kariera, the global internal platform, and other social media channels to attract candidates.
Exclusively conduct all interviews at Athens International Airport (AIA) and headquarters (HQ). Provide counsel to Store Managers on candidate selection for other stores across Greece.
Communicate with all Store and Department Managers regarding new hires.
Source, engage and build a network with active and passive candidates of high seniority to cover immediate hiring needs, as well as supply of candidates on-demand for future needs (Candidate Communities).
Negotiate and assist the HR Director in finalizing offer letters and employment processes for new hires, promotions, salary/location/position changes, and the distribution of decision letters.
Develop and maintain job descriptions and company organizational charts.
Serve as the primary contact for communication with the global HR team.
Collaborate with management and staff to ensure the implementation of activities agreed upon during the Performance Management Program.
Research and present wellbeing and wellness programs for employees to the HR Director.
Prepare and deliver periodic HR reports, both globally and locally, ensuring timely and accurate submission.
Maintain the confidentiality of personal information at all times.
 
 
Specific Requirements
 
Bachelor degree in Psychology, Business Administration, Sociology or any related field.
Master degree in Human Resource Management will be considered a plus.
Fluent in Greek and English language, both written and verbally (Proficiency level).
Ability to communicate effectively verbally and in writing; establish and maintain effective working relationships with employees and the public; apply general principles effectively to specific conditions.
Exceptional interpersonal skills.
Develop a positive working environment.
Ability to work under pressure with strict deadlines.
Proficient knowledge of MS Office especially MS Excel, Word, PowerPoint, Outlook.
Deep understanding of Greek regulations related to HR.
 
 
Experience Required
 
A proven track record of 5- 7 years of experience as a Recruiter in a multinational company.
Experience in retail industry will be considered a plus.",Mid-level,Full-time,"Agios Stefanos, Greece",EL,,,,2024-10-02,kariera.gr,173987
"['http://data.europa.eu/esco/skill/279a4b1d-21df-4d78-9f4d-324c73fd7536', 'http://data.europa.eu/esco/skill/477579e7-e0ca-4cc5-8712-17b78d0d8d2a', 'http://data.europa.eu/esco/skill/6345d3a4-7d1a-40a9-9a82-6ed06beffe7b', 'http://data.europa.eu/esco/skill/6474fc36-67ae-436b-9d39-c14402c6a89b', 'http://data.europa.eu/esco/skill/7954861c-86d4-4529-afbb-2c23dab9ac74', 'http://data.europa.eu/esco/skill/a8d24a95-47b3-4f88-92e7-06600bcd3612']","['http://data.europa.eu/esco/occupation/6cd08cbe-7611-4d70-8886-6c59c0385442', 'http://data.europa.eu/esco/occupation/a2bc52c2-9802-4929-a95c-6379d9f19204', 'http://data.europa.eu/esco/occupation/f605bcd2-90b6-45a0-a558-d05016d68a77', 'http://data.europa.eu/esco/isco/C2']",75955,,HR Recruiter,"The Spyridis Group of Companies with dynamic Commercial and Industrial activity is looking for an HR Recruiter with the following responsibilities for its headquarters in Athens:

Creation and publication of jobs on online portals
Finding and recruiting candidates through classifieds/databases/social media
Screening and evaluation of resumes
Conduct interviews using various reliable selection and staffing tools/methods, within schedule
Updating the company's database with the details of the candidates
Monitoring and implementing HR best practices
Manage confidential and sensitive information and people with empathy and accountability

Necessary qualifications:

University Degree in Human Resource Management, Organizational Psychology, Business Administration or related field
At least 4 years of experience in a relevant industry
Orientation to achieving results
Developed communication, empathy and interpersonal skills
Dynamic personality with responsibility, organizational and negotiation skills
Excellent knowledge of English and computer use

  Amenities:

Stable and dynamic work environment
Continuous education
Prospects for personal and professional development",Mid-level,Full-time,"Athens, Greece",EL,,,,2024-10-04,kariera.gr,174413
"['http://data.europa.eu/esco/skill/0f206574-328b-4c71-892b-8d0335ad311f', 'http://data.europa.eu/esco/skill/199f7919-5114-41b6-b6a5-41e0e4896ec1', 'http://data.europa.eu/esco/skill/1a4cc54f-1e53-442b-a6d2-1682dc8ef8f9', 'http://data.europa.eu/esco/skill/2624158e-4a53-4667-8921-96ee7aaea7b3', 'http://data.europa.eu/esco/skill/496932f1-0b6b-4f73-9432-d95c7ddcd43b', 'http://data.europa.eu/esco/skill/4f6e68b2-85c8-446e-a96d-b306ec7e0091', 'http://data.europa.eu/esco/skill/9bf266a6-188b-4d17-a22f-2f266d76832b']","['http://data.europa.eu/esco/occupation/068370e0-9c27-4814-87d0-44fbb3140815', 'http://data.europa.eu/esco/occupation/0ba06640-e0ac-4911-9e43-289a8e41651e', 'http://data.europa.eu/esco/occupation/196a4c75-9591-436f-9677-67252df34c22', 'http://data.europa.eu/esco/occupation/6cd08cbe-7611-4d70-8886-6c59c0385442', 'http://data.europa.eu/esco/occupation/8cb59bc4-1f39-477e-beea-effed12d186c', 'http://data.europa.eu/esco/occupation/fde97584-d8e3-413e-a662-511c9055357e', 'http://data.europa.eu/esco/isco/C13']",76105,,New jobs from Telecroft to staff a customer support department for a large Banking organization.,"New jobs from Telecroft to staff customer support department for large Banking organization.  
 
Basic Duties & Responsibilities

Customer service via phone, email or online chat
Understanding the customer's specialized needs and promoting optimal solutions
Informing existing customers about banking products and services
Handling customer complaints and resolving issues
Providing technical support for digital technology products and services

Training & Professional Experience

High school diploma
Developed communication skills & customer-centric perception
Excellent use of the spoken language
Excellent communication skills and teamwork spirit
Willingness to learn, sense of responsibility and orientation to results  Excellent use of Greek and good use of English  Use of a PC in a Windows environment (MS Office).
Sense of responsibility when handling sensitive information

Abilities & Skills

Ability to work in rotating shifts with five-day employment Monday-Sunday
Communication skills
Organization & time management
Confidentiality & accountability
Professionalism & consistency

Our Company provides you with:

Fixed monthly income of €900 and extra performance rally
Development prospects
Immediate Recruitment
Full time employment
Ongoing support and training
Easy access to the facilities with all MMM (near Metro and Tram station)

 Contact information: Gianna Vassilaki, Hr Recruiter| 2111073932, +30 6936129453 Email: info@telecroft.gr | www. Telecroft.gr | Ekataiou 95, 11743 Neos Kosmos",Mid-level,Full-time,"Athens, Greece",EL,,,,2024-10-03,kariera.gr,174227
"['http://data.europa.eu/esco/skill/496932f1-0b6b-4f73-9432-d95c7ddcd43b', 'http://data.europa.eu/esco/skill/71152876-b629-4a99-b9ea-0f25a0d07e4e', 'http://data.europa.eu/esco/skill/8e602c80-2f39-498a-8cd7-eabaae742de4', 'http://data.europa.eu/esco/skill/f683ae1d-cb7c-4aa1-b9fe-205e1bd23535']","['http://data.europa.eu/esco/occupation/068370e0-9c27-4814-87d0-44fbb3140815', 'http://data.europa.eu/esco/occupation/3ae4fd99-814a-4d06-a7db-5ee680c22e26']",80867,,Senior Hospitality Recruiter,"Workathlon is growing and looking to hire a
Senior Hospitality Recruiter
The position will be based in our offices in Geraka, Athens.
Responsibilities:

Meeting with clients virtually or during sales visits
Demonstrating and presenting products
Attending trade exhibitions
Reviewing sales performance
Negotiating contracts and packages
Working towards monthly or annual targets
Following the recruitment process

Qualifications:

Hospitality background
Goal oriented
Business administration diploma
Excellent knowledge of English (verbal and written)
Excellent knowledge of Ms Office
Proven experience as a Sales Executive or Recruitment Executive
Strong communication skills (verbal and written)",Senior,Full-time,"Gerakas, Greece",EL,,,,2024-10-08,kariera.gr,175134
"['http://data.europa.eu/esco/skill/6b305973-8993-475f-bd8a-daf037c61401', 'http://data.europa.eu/esco/skill/71057622-0cc1-4cce-b36c-b32a7071b017', 'http://data.europa.eu/esco/skill/899286f4-327f-4e16-aa02-5256a9c7f678', 'http://data.europa.eu/esco/skill/b5af495b-61f1-4330-9891-dca56d97d714', 'http://data.europa.eu/esco/skill/fe77f9ca-7bd2-4a68-98f4-8463a4fb8301']","['http://data.europa.eu/esco/occupation/068370e0-9c27-4814-87d0-44fbb3140815', 'http://data.europa.eu/esco/occupation/d3e32e5e-7f24-48e3-b939-e4f800eb62fb', 'http://data.europa.eu/esco/occupation/d8ed1703-9c03-4ea0-83cc-b6169bc54ffd', 'http://data.europa.eu/esco/occupation/e246eca2-2cec-45b4-ae76-aa1f37d07bc5', 'http://data.europa.eu/esco/isco/C1321', 'http://data.europa.eu/esco/isco/C1411', 'http://data.europa.eu/esco/isco/C334', 'http://data.europa.eu/esco/isco/C911']",83849,,HR Recruiter,"MY SERVICES is an established company in Greece counting 24 years of business activity in the provision of high security and cleaning services. At the same time we are active in the field of Tourism, Industries and Logistics offering human resource services to hotel units, factories and manufacturing companies.
 
Our company, based in Kallithea, is looking for an HR Recruiter, for the personnel department.
 

Previous experience as Hr Recruiter, Hr Assistant or similar role will be preferred.
Experience with recruitment techniques (Job Boards, Social Media, Networking).
Ability to conduct interviews for different roles and assess candidates.
Communication Skills: Verbal as well as written communication is very important in attracting and retaining candidates.
Organizational Skills: Attention to detail and organization of different job openings, as well as record keeping for them.
Sales Skills: Persuasive personality, industry and job market knowledge is an added advantage.

Amenities:

Ability to work in a dynamically developing environment
Salaries from 1000 Euros and above net, depending on qualifications",Entry / Junior,Full-time,"Kallithea, Greece",EL,,,,2024-10-09,kariera.gr,175547
"['http://data.europa.eu/esco/skill/496932f1-0b6b-4f73-9432-d95c7ddcd43b', 'http://data.europa.eu/esco/skill/bfb5f0b8-0ea0-4e44-a48d-7d876f966758', 'http://data.europa.eu/esco/skill/d62d2b4c-a6f8-439e-8a1b-4f29ab5f2c47', 'http://data.europa.eu/esco/skill/f08e2bd6-0366-4948-a670-1f03f130126f', 'http://data.europa.eu/esco/skill/f206e732-110c-47ce-a53f-f00c9d97c90d']","['http://data.europa.eu/esco/occupation/7843a4c6-a9f6-4095-94b9-45b384d4bd57', 'http://data.europa.eu/esco/occupation/a6e8a6bf-9209-4d19-a131-a8b6431e0f75', 'http://data.europa.eu/esco/occupation/f605bcd2-90b6-45a0-a558-d05016d68a77', 'http://data.europa.eu/esco/isco/C4227']",83974,,French Recruiter (Spanish or Dutch would be a strong plus),"Hemmersbach provides IT infrastructure services in more than 190 countries with 50 own subsidiaries. We deliver exclusively for the leading companies in the IT industry. We go the extra mile – we not only simply enthuse our customers, but also make the world a better place: 20% of our profits go into our Direct Actions Hemmersbach Rhino Force and Hemmersbach Kids’ Family. That’s why Hemmersbach is The Social Purpose IT Company.
Role:
 

End-to-end Responsibility for recruiting to fill commercial and technical positions - from coordinating the requirement profiles with our specialist departments, through applicant selection, telephone interviews and personal interviews, to the recruitment and onboarding of selected candidates
Work closely with the hiring manager in setting expectations, participate in final interviews held by hiring manager thus offering full HR support of high value, for the decision making process
First point of contact for talent acquisition
The identification and direct approach of suitable candidates via various portals is part of our daily business
Further development of the sourcing strategy together with the team and implementation of new ideas in order to ensure the establishment of a talent pool and the systematic identification of future employees in the long term
Accompanying the new employees throughout the entire recruitment process
Advising our management and specialist departments on optimising the recruiting strategy
Further development of new HR projects

Requirements:

Experience and expertise in (international) recruiting, preferably in the IT environment
Fluent in French ( Spanish or Dutch would be a strong plus) 
Active and proactive Sourcing experience
Strong communicational skills with a good networking relationship-building talent 
Hands-on and can-do mentality

Benefits

Buddy program.
International environment.
Job with purpose.
Mobile working.
Staff discounts.
Unlimited employment contract.
Private Life and Health Insurance.

Joining Hemmersbach, you will support our commitment to social responsibility. We prioritize 20% of our profits into our company owned organizations such as: 

Rhino-force.org: providing environmental protection for an endangered species
Kids-family.org: taking care of children without parents in Poland and India, turning their shelters into homes.

Join our Team! Apply now and send us your CV IN ENGLISH!",Entry / Junior,Full-time,"Athens, Greece",EL,,,,2024-10-09,kariera.gr,175411
"['http://data.europa.eu/esco/skill/0e21e183-e787-4f23-a240-93b416c088c2', 'http://data.europa.eu/esco/skill/450de541-797a-4da0-9fe4-a81471c8047d']","['http://data.europa.eu/esco/occupation/13d1b2b4-99dd-44da-9734-c9f74bae18f7', 'http://data.europa.eu/esco/occupation/cbad55a4-c7cf-4ab6-9540-eac72b26729b', 'http://data.europa.eu/esco/isco/C1212']",86962,,Junior Recruiter/ Buddy finder,"Has extroversion and communication always been your strong point? Do you create circles easily and are the soul of the group? Do you want to secure not only your livelihood but also to develop quickly? Do you live in Thessaloniki and have a car? If so, then we need to meet you!
Our positions concern staffing in the departments:

HR 
Sales 
Service
Customer service

Come join the happiest and most dynamic team in our city, in a company that brings smiles to its customers every day and solves the problem of household hygiene and cleanliness!",No experience / No degree,Full-time / Part-time,"Pylaia, Greece",EL,,,,2024-10-10,kariera.gr,175765
"['http://data.europa.eu/esco/skill/4fb87cb4-6442-4b5d-8bd0-eb1aa743a9ee', 'http://data.europa.eu/esco/skill/677d5144-4c77-4f8d-afc7-116f4bc0e660', 'http://data.europa.eu/esco/skill/f7dcf2e2-95f6-4061-a977-8d4c16dbceb2']","['http://data.europa.eu/esco/occupation/2c1ed9dd-9799-4882-8bfa-40b841f7d4a1', 'http://data.europa.eu/esco/occupation/a580e79a-b752-49c1-b033-b5ab2b34bfba']",92237,,Dentists for NHS in the UK,"ManpowerGroup on behalf of our client, the fastest-growing corporate dental company, is seeking Dentists from across Greece willing to relocate and work in the United Kingdom under the NHS. The positions are primarily available in Blackpool, Preston, Liverpool, and certain areas in Northern Manchester, and Northern Ireland.
 
📌 Location: United Kingdom (Blackpool, Preston, Liverpool, Northern Manchester, Northern Ireland)
📍 Working Model: On-site
Ideal Candidate Profile:

Graduates from the Greek universities of Athens and Thessaloniki.
Any level of experience, graduates to senior profiles.
Excellent command of the English language.

 
Career Prospects:

Salary progression after successful evaluation.
Opportunities for further academic education.
Exposure to new technologies and modern practices.
Potential to take on additional roles if managerial skills are demonstrated.

 
Application Process:

Interested candidates should submit their CVs in the advert, and if they meet the qualifications, the appointed recruiter will contact them.


After the interview, there will be a language and medical knowledge test.

 
In case of successful selection:

   Relocation to the UK will follow (guidance and support for obtaining a Work Permit will be provided by the company - Accommodation is not provided)


  A 6-month trial period will start, working under the supervision of senior dentists",Entry / Junior,Full-time,"Athens, Greece",EL,,,,2024-10-16,kariera.gr,177020
